Date,IYT
2009-01-02,3.174848415689957
2009-01-05,-0.5664582816022778
2009-01-06,2.555827397539878
2009-01-07,-4.0384399820494465
2009-01-08,-0.5006379006182171
2009-01-09,-2.7358295543699285
2009-01-12,-3.9120685978734193
2009-01-13,-1.3627092437139776
2009-01-14,-4.758644987002136
2009-01-15,1.8624572337077927
2009-01-16,-1.3361471163826022
2009-01-20,-5.755531592459318
2009-01-21,3.384383322132445
2009-01-22,-0.621798808009455
2009-01-23,-2.281936350198621
2009-01-26,0.01884070552111705
2009-01-27,1.7511035139456288
2009-01-28,3.682440543608112
2009-01-29,-2.9448441010680337
2009-01-30,-3.126170113230553
2009-02-02,-1.5185752834875332
2009-02-03,4.086350220293222
2009-02-04,-0.9444546718624047
2009-02-05,2.1312366533563276
2009-02-06,4.9423480986997115
2009-02-09,0.06976873571595821
2009-02-10,-5.020051799281722
2009-02-11,-1.2479338667934492
2009-02-12,-0.5017724532827561
2009-02-13,-1.1393434966539773
2009-02-17,-5.063316304137522
2009-02-18,-1.4327955663665848
2009-02-19,-2.0391658683628466
2009-02-20,-0.3915796990928033
2009-02-23,-4.014064157405528
2009-02-24,4.634612969040219
2009-02-25,-3.770127644574761
2009-02-26,-2.9329442184191867
2009-02-27,-1.1689423940921873
2009-03-02,-6.694948488305242
2009-03-03,-1.6503340338348882
2009-03-04,4.863783657715115
2009-03-05,-6.841335149100891
2009-03-06,-1.9666449096034988
2009-03-09,-1.9299149108463975
2009-03-10,6.732228353188163
2009-03-11,2.280473625575663
2009-03-12,3.012359296511069
2009-03-13,-0.023027900285110814
2009-03-16,3.730964772565404
2009-03-17,3.019554978970551
2009-03-18,1.810356177131922
2009-03-19,0.16936045840711955
2009-03-20,-4.691473098206744
2009-03-23,7.02882272487193
2009-03-24,-0.8079343651924087
2009-03-25,-0.5017341444242818
2009-03-26,8.516944085450229
2009-03-27,-3.5923612447243625
2009-03-30,-4.374228305445249
2009-03-31,1.1435828383091318
2009-04-01,1.6959746345283522
2009-04-02,7.926703521768652
2009-04-03,1.1446123790853635
2009-04-06,-1.6786015540567134
2009-04-07,-5.045118198454701
2009-04-08,1.8182110944138463
2009-04-09,5.496002729772553
2009-04-13,-0.4325341880608624
2009-04-14,-0.661128523904253
2009-04-15,0.9507331073245862
2009-04-16,3.0326094149550675
2009-04-17,1.1699921571652672
2009-04-20,-5.529475059359479
2009-04-21,3.060454086991782
2009-04-22,1.4847941764872807
2009-04-23,1.2618917717865497
2009-04-24,1.065574366254718
2009-04-27,-4.717672575305299
2009-04-28,0.11255402845660178
2009-04-29,4.0277097266146145
2009-04-30,1.2065731456517792
2009-05-01,0.10674222153437274
2009-05-04,6.9143497725680625
2009-05-05,-1.0141398323625594
2009-05-06,0.8733485998379864
2009-05-07,-1.5318104808085486
2009-05-08,1.4203782716668556
2009-05-11,-3.8346279324349752
2009-05-12,-2.3751767141908187
2009-05-13,-4.688312526775029
2009-05-14,1.3787666563713108
2009-05-15,0.7719277599038232
2009-05-18,2.972841669445203
2009-05-19,-0.17712153354245697
2009-05-20,0.035456530981203827
2009-05-21,-3.8311274274323126
2009-05-22,-0.38730807675081413
2009-05-26,3.9622234735193773
2009-05-27,-2.5823450621512256
2009-05-28,1.11516670701588
2009-05-29,4.031808426765671
2009-06-01,4.275280739623821
2009-06-02,1.4000064496020759
2009-06-03,-2.3504255039195843
2009-06-04,1.548585016561499
2009-06-05,-0.14919428729996964
2009-06-08,-0.4814225756949786
2009-06-09,1.584652972121403
2009-06-10,0.0492457293048254
2009-06-11,0.08206648052788701
2009-06-12,-0.9347171945391586
2009-06-15,-4.1218407129516414
2009-06-16,-1.329390047219292
2009-06-17,0.034966399812308424
2009-06-18,0.4897565396234871
2009-06-19,0.6614604369738597
2009-06-22,-3.4065205795853593
2009-06-23,-1.1099300199471696
2009-06-24,1.6131302525740798
2009-06-25,4.407825305794533
2009-06-26,-0.03432385440358399
2009-06-29,-0.08583335883057819
2009-06-30,0.0
2009-07-01,0.670074197976045
2009-07-02,-3.4647130592683872
2009-07-06,0.2298167320982536
2009-07-07,-3.263365072539126
2009-07-08,0.054683640051211846
2009-07-09,0.2551673138174948
2009-07-10,1.327045227363488
2009-07-13,1.0943526332203302
2009-07-14,1.224507363855265
2009-07-15,1.8583298433469064
2009-07-16,2.564532882487147
2009-07-17,0.6376979480226197
2009-07-20,1.050522489130512
2009-07-21,-0.6105675479354145
2009-07-22,1.0294194174195193
2009-07-23,3.023823594540498
2009-07-24,1.2441977401549842
2009-07-27,0.8665558287702435
2009-07-28,-0.5623090971714206
2009-07-29,-1.209557060810118
2009-07-30,2.2420210768335336
2009-07-31,-0.015552495287984858
2009-08-03,2.5664967392239113
2009-08-04,0.22747010080126362
2009-08-05,-0.7716643353067321
2009-08-06,-1.0216653228383388
2009-08-07,3.1428007023313054
2009-08-10,-0.1045466688158525
2009-08-11,-0.5233437462778046
2009-08-12,1.397889915656081
2009-08-13,0.4595400003439831
2009-08-14,-1.8445060834403892
2009-08-17,-3.307275782526631
2009-08-18,1.4459327807512246
2009-08-19,0.22986356544110187
2009-08-20,0.7645404647335985
2009-08-21,2.5341446094269804
2009-08-24,-0.5031847954334867
2009-08-25,0.8032167398168699
2009-08-26,-1.1804407367116743
2009-08-27,-0.4181414846279541
2009-08-28,0.41989724921975835
2009-08-31,-1.493226920478563
2009-09-01,-1.3794246177849967
2009-09-02,-0.35352885203242534
2009-09-03,2.2212078106201405
2009-09-04,2.0371139100357816
2009-09-08,0.3401381512890156
2009-09-09,1.1201054331291038
2009-09-10,2.259133992219331
2009-09-11,2.579823667709724
2009-09-14,0.5418583764453366
2009-09-15,0.4284431316157855
2009-09-16,-0.02751011172226203
2009-09-17,-0.7020154017091329
2009-09-18,-0.18018972615575501
2009-09-21,-0.5554679042084065
2009-09-22,0.5600554822540849
2009-09-23,-1.016470947185688
2009-09-24,-1.772342027615681
2009-09-25,-1.3890639356537782
2009-09-28,1.176285316483927
2009-09-29,-0.7894643247977728
2009-09-30,-0.7089084544502966
2009-10-01,-2.3896132664948166
2009-10-02,-0.41796472537222185
2009-10-05,1.4840331957832742
2009-10-06,0.6942326462527904
2009-10-07,0.014643707268779949
2009-10-08,2.3320667728979005
2009-10-09,0.20066422404263484
2009-10-12,0.7724385221463237
2009-10-13,-0.3406871321210203
2009-10-14,3.831375184225405
2009-10-15,-0.6447462625575939
2009-10-16,-0.30372162007538117
2009-10-19,0.2769980499710334
2009-10-20,0.3728885334557619
2009-10-21,-2.6967703032585555
2009-10-22,0.05656964164120204
2009-10-23,-3.4906866901431632
2009-10-26,-0.7321863735826772
2009-10-27,-1.7996528975888437
2009-10-28,-1.9378307103610326
2009-10-29,1.5778277059063317
2009-10-30,-2.412893743408029
2009-11-02,-0.695431267590696
2009-11-03,5.36882964456491
2009-11-04,-1.5212198601685323
2009-11-05,2.1745845391351937
2009-11-06,1.1301626430343825
2009-11-09,1.8142792059578028
2009-11-10,-0.042798903785179476
2009-11-11,2.010859291437006
2009-11-12,-1.3281703967981784
2009-11-13,0.6376002918704105
2009-11-16,2.083640342601689
2009-11-17,0.20687787646693767
2009-11-18,-0.6606146367650112
2009-11-19,-1.731792718305536
2009-11-20,-0.1691704597887811
2009-11-23,0.7626096822078487
2009-11-24,-0.6867767615932885
2009-11-25,0.5785976718666541
2009-11-27,-1.010207153430187
2009-11-30,0.3118149832952444
2009-12-01,1.1304161871560359
2009-12-02,1.425156420431084
2009-12-03,-0.3994666651638501
2009-12-04,2.0469885921511555
2009-12-07,-0.7318584988289079
2009-12-08,-0.1638696726419253
2009-12-09,0.10939079696121734
2009-12-10,0.5054439498765495
2009-12-11,0.4757643136737988
2009-12-14,1.6369258405007914
2009-12-15,0.0
2009-12-16,0.41261401384040663
2009-12-17,-1.192969533321131
2009-12-18,0.0
2009-12-21,0.724408067855653
2009-12-22,0.10657951378376662
2009-12-23,0.30937908257813174
2009-12-24,0.13295703753106736
2009-12-28,-0.4514230596424418
2009-12-29,0.49353283944153503
2009-12-30,-0.27877321650463527
2009-12-31,-1.7436342431662033
2010-01-04,0.609564927575379
2010-01-05,0.8617668483251073
2010-01-06,-0.3604401865619167
2010-01-07,-0.32154878760685124
2010-01-08,1.9623653622080628
2010-01-11,0.8700467374800347
2010-01-12,-0.8233011685331304
2010-01-13,0.06585504624394556
2010-01-14,0.07901289129339517
2010-01-15,-1.2237248829414793
2010-01-19,0.359716444047975
2010-01-20,-0.8760619662201985
2010-01-21,-1.3390269358047546
2010-01-22,-2.1037209844861793
2010-01-25,0.3050088908845616
2010-01-26,-0.15202308092393535
2010-01-27,0.34609808473387016
2010-01-28,-2.1382553822505757
2010-01-29,-1.2263616568121694
2010-02-01,1.6697656922672444
2010-02-02,0.8422085624768316
2010-02-03,-1.1275650439924845
2010-02-04,-3.097230857256661
2010-02-05,0.2615033403431388
2010-02-08,-0.6665623861473957
2010-02-09,1.7505650145026141
2010-02-10,-0.18640189428753562
2010-02-11,1.6949233805883424
2010-02-12,0.0
2010-02-16,1.8502728514296019
2010-02-17,0.30509341622164676
2010-02-18,0.0
2010-02-19,1.2166509777650436
2010-02-22,0.8878222601384156
2010-02-23,-0.36548480224846136
2010-02-24,0.48913029473542924
2010-02-25,0.6490982482148189
2010-02-26,0.7658262691819573
2010-03-01,0.4800028980771476
2010-03-02,-0.464405617537722
2010-03-03,0.03995115855182085
2010-03-04,0.37318866591533606
2010-03-05,0.7699864133555501
2010-03-08,0.5138377828128649
2010-03-09,1.2321617478286306
2010-03-10,0.6085699520804511
2010-03-11,0.7464557623591661
2010-03-12,0.03833753586599542
2010-03-15,0.2681352889001287
2010-03-16,0.866012775814684
2010-03-17,0.176766838415654
2010-03-18,0.9705468127672034
2010-03-19,-0.9361980152795879
2010-03-22,0.07556591185204908
2010-03-23,0.5918111244562096
2010-03-24,-1.1265660682134304
2010-03-25,-0.4788596063635242
2010-03-26,0.10209354111221369
2010-03-29,0.7267471683886972
2010-03-30,0.31645304859364565
2010-03-31,-0.20189061439318534
2010-04-01,0.21497696521650678
2010-04-05,0.5172478756685139
2010-04-06,0.3389311515239468
2010-04-07,-0.6630073347942966
2010-04-08,1.221476702496993
2010-04-09,1.0824416905407697
2010-04-12,0.344554371671002
2010-04-13,0.34344312068750327
2010-04-14,2.4446963818209655
2010-04-15,1.694279649161956
2010-04-16,-1.5956771090857025
2010-04-19,-0.7749829350595872
2010-04-20,0.8651778658977038
2010-04-21,0.2859061863816237
2010-04-22,0.8077893903777555
2010-04-23,0.8720386077724296
2010-04-26,0.22195439614332013
2010-04-27,-2.307955753140334
2010-04-28,0.25055019642570286
2010-04-29,2.1542648122930164
2010-04-30,-1.7126841431891027
2010-05-03,2.6078898702569075
2010-05-04,-3.616022391330509
2010-05-05,-1.2825032026612226
2010-05-06,-3.326837906278779
2010-05-07,-2.3989009978998665
2010-05-10,5.353183568206199
2010-05-11,0.525262662719439
2010-05-12,2.1263553488972686
2010-05-13,-1.6180592525599113
2010-05-14,-1.7293523384299903
2010-05-17,-0.2091938892386791
2010-05-18,-1.3811770304489435
2010-05-19,-0.9503734717722145
2010-05-20,-4.746912801687042
2010-05-21,1.5772651944307992
2010-05-24,-0.7568241231899031
2010-05-25,0.07891475859003183
2010-05-26,0.9458427025710092
2010-05-27,3.2144939533730765
2010-05-28,-0.7187362015999899
2010-06-01,-2.400277324354505
2010-06-02,2.9538035464920176
2010-06-03,0.31595205644456836
2010-06-04,-4.964067505864877
2010-06-07,-2.8901167046588516
2010-06-08,1.1331110921426024
2010-06-09,0.20250326906106064
2010-06-10,4.149263782586843
2010-06-11,1.2288392767419332
2010-06-14,0.5366370291413514
2010-06-15,2.9359670801594406
2010-06-16,-1.0618983533671633
2010-06-17,0.1373106487078557
2010-06-18,0.18692543731031463
2010-06-21,-0.13681428131564477
2010-06-22,-3.7493891473188268
2010-06-23,0.05177169435175433
2010-06-24,-1.3753459530913559
2010-06-25,0.750608429633326
2010-06-28,-0.7319419769371338
2010-06-29,-4.028955711359295
2010-06-30,-0.7271705302042242
2010-07-01,0.3593775201449656
2010-07-02,-2.2996752037754753
2010-07-06,-0.6060837757647985
2010-07-07,3.786176962745147
2010-07-08,1.5029910287187143
2010-07-09,1.171018660653389
2010-07-12,0.0532350934195458
2010-07-13,1.968082467549226
2010-07-14,0.8216337989411793
2010-07-15,-0.6985567250464508
2010-07-16,-3.021971002075441
2010-07-19,0.20150837557306733
2010-07-20,1.769377940513417
2010-07-21,-1.5015692627212918
2010-07-22,3.7844305351423246
2010-07-23,1.5333336538915887
2010-07-26,2.766503148413446
2010-07-27,-1.3954020740073125
2010-07-28,0.06261366631703513
2010-07-29,-0.17519285487488379
2010-07-30,-0.012551214621236984
2010-08-02,2.0062351229801267
2010-08-03,-1.4259328444828134
2010-08-04,1.583718171742854
2010-08-05,-0.3805341819204333
2010-08-06,-0.7516813713007386
2010-08-09,1.390584762950886
2010-08-10,-1.51849358254188
2010-08-11,-4.091048332872016
2010-08-12,-0.5833932340428616
2010-08-13,-0.7433087881756006
2010-08-16,-0.11828273942707801
2010-08-17,2.2231066685742373
2010-08-18,0.514733323261507
2010-08-19,-2.1892228490718924
2010-08-20,-0.3010741347184154
2010-08-23,-1.0108739954278523
2010-08-24,-2.0424378200835425
2010-08-25,0.28430683700286785
2010-08-26,0.18905058485672033
2010-08-27,2.156028882613259
2010-08-30,-1.622451848480655
2010-08-31,0.08041529427134098
2010-09-01,3.8718907434869276
2010-09-02,1.3027725991823447
2010-09-03,1.1204206693712582
2010-09-07,-0.9191912516365419
2010-09-08,1.2581549710934503
2010-09-09,-0.23848735496035944
2010-09-10,0.28933871898966235
2010-09-13,0.940828013602335
2010-09-14,0.12426111932162254
2010-09-15,0.6453900512513044
2010-09-16,-1.0975546846258677
2010-09-17,0.16210735860180403
2010-09-20,0.8839061203371745
2010-09-21,0.8266968151232845
2010-09-22,-0.8567059666830357
2010-09-23,-1.9342765641281345
2010-09-24,2.8412643267365034
2010-09-27,0.03681200913616678
2010-09-28,0.3314218722138218
2010-09-29,0.4281979626186594
2010-09-30,-0.5360046738147717
2010-10-01,-0.23272051362285273
2010-10-04,-1.215272969527692
2010-10-05,2.4356453810899126
2010-10-06,0.4124677521823328
2010-10-07,-0.12079864024835407
2010-10-08,1.028176296330896
2010-10-11,0.2155199143506703
2010-10-12,-0.41815121377504205
2010-10-13,2.4475094123103336
2010-10-14,-0.5738426722009193
2010-10-15,-0.2591120551425852
2010-10-18,0.3542412225553848
2010-10-19,-1.3296826796613925
2010-10-20,2.1943596394949694
2010-10-21,-0.21001474874616788
2010-10-22,0.37419265159732706
2010-10-25,0.4077843675968307
2010-10-26,0.10441922459685227
2010-10-27,-0.8693530224841761
2010-10-28,-0.09357574878532393
2010-10-29,0.38623676586664324
2010-11-01,0.011712613481695833
2010-11-02,1.352279372229348
2010-11-03,0.977676776583225
2010-11-04,1.2188230263810995
2010-11-05,0.06751454202826856
2010-11-08,0.06746775660231297
2010-11-09,-1.7419318462878808
2010-11-10,0.4346015939320047
2010-11-11,0.06833061375075555
2010-11-12,-1.0697603144518508
2010-11-15,0.2645897997848756
2010-11-16,-1.502983412474157
2010-11-17,0.2911964674914058
2010-11-18,1.7189590360197737
2010-11-19,0.6279832345354563
2010-11-22,-0.22694081832047575
2010-11-23,-1.6604189596262087
2010-11-24,2.7755346954717597
2010-11-26,-0.596372079112617
2010-11-29,0.3622426420029967
2010-11-30,-0.9023379521697739
2010-12-01,2.3901666013307565
2010-12-02,1.3450215366091367
2010-12-03,0.658131931352135
2010-12-06,-0.4141046540397708
2010-12-07,0.2845367689243927
2010-12-08,-0.458272331067644
2010-12-09,0.854977179776073
2010-12-10,0.304310417257625
2010-12-13,-0.8018331759910735
2010-12-14,-0.3932158802095298
2010-12-15,-0.3509033030608011
2010-12-16,1.3205618940594466
2010-12-17,-0.7277058799237346
2010-12-20,-0.18599344344358837
2010-12-21,1.0851544150925818
2010-12-22,0.07394194991732217
2010-12-23,-0.3802375268782465
2010-12-27,0.3162431430334456
2010-12-28,-0.043471115961613016
2010-12-29,0.25009767906214453
2010-12-30,0.0542883511111647
2010-12-31,0.0975990815801353
2011-01-03,1.223980342204678
2011-01-04,-0.7383411446759691
2011-01-05,0.4527360570674599
2011-01-06,-0.39704390296971814
2011-01-07,0.775758678411731
2011-01-10,0.48114129593133104
2011-01-11,-0.6809997239689225
2011-01-12,0.8034882982344227
2011-01-13,0.39322130363479424
2011-01-14,-0.15876594147982148
2011-01-18,-0.18023262291246844
2011-01-19,-1.8058548502292715
2011-01-20,-0.8545885475335857
2011-01-21,-0.6983318046416942
2011-01-24,0.736198690270462
2011-01-25,-0.6653584299765369
2011-01-26,1.1858847892355362
2011-01-27,0.7270910842058331
2011-01-28,-2.822669699079794
2011-01-31,0.5875801539498848
2011-02-01,1.9949448043673934
2011-02-02,-2.009947908045806
2011-02-03,0.4852121563020617
2011-02-04,0.21949572568951137
2011-02-07,0.3065963066251731
2011-02-08,0.20746167586735975
2011-02-09,0.25053359997393443
2011-02-10,1.543169550889778
2011-02-11,1.3270378931116156
2011-02-14,-0.4541741170055902
2011-02-15,0.3501424858733282
2011-02-16,1.0678823955303063
2011-02-17,0.2929441990031201
2011-02-18,-0.07303355194916428
2011-02-22,-3.903943166283519
2011-02-23,-2.0421601958472646
2011-02-24,0.6986028259034383
2011-02-25,0.9800606085609287
2011-02-28,0.5670596747102463
2011-03-01,-2.732586987445007
2011-03-02,0.8584164858758792
2011-03-03,2.4759505286544803
2011-03-04,-1.2404028169795134
2011-03-07,-0.7973039416203975
2011-03-08,2.8184401994484576
2011-03-09,0.03209964141219768
2011-03-10,-1.3486766854923338
2011-03-11,0.9764860281384458
2011-03-14,-1.730059045107335
2011-03-15,-0.3827036615214885
2011-03-16,-1.5367641167512436
2011-03-17,1.5273107216594806
2011-03-18,0.6807731379221416
2011-03-21,2.192207069056895
2011-03-22,-1.3767456177199322
2011-03-23,-0.021632623384171268
2011-03-24,1.3854212405803201
2011-03-25,0.8039024352397783
2011-03-28,0.4035079601349745
2011-03-29,0.6134517312152976
2011-03-30,0.23125047116288044
2011-03-31,0.5663381999055694
2011-04-01,1.3348451781419968
2011-04-04,0.15439629474953698
2011-04-05,-0.5857059032973067
2011-04-06,0.041360396932543786
2011-04-07,-0.568262830324473
2011-04-08,-1.6520986537993165
2011-04-11,-0.17962291228325045
2011-04-12,0.44452775091556873
2011-04-13,-0.2001848018969743
2011-04-14,0.3272848324719968
2011-04-15,0.6314603375843664
2011-04-18,-1.4118332578997972
2011-04-19,0.5727731007900694
2011-04-20,0.4219613845258374
2011-04-21,0.5146375235737244
2011-04-25,0.261217791666879
2011-04-26,1.8447053268718427
2011-04-27,0.7470442583496384
2011-04-28,1.0970183339865214
2011-04-29,0.2913622606739663
2011-05-02,-0.20036187545897644
2011-05-03,-0.5219667966433805
2011-05-04,-1.473291141690225
2011-05-05,1.3109387803643235
2011-05-06,0.33361874493818
2011-05-09,-0.09067939123401647
2011-05-10,1.2000817979152867
2011-05-11,-1.3453037717902183
2011-05-12,0.010111712871885281
2011-05-13,-1.3029175334003051
2011-05-16,-0.30698533212497603
2011-05-17,-0.49270402852700235
2011-05-18,1.5782980904786692
2011-05-19,1.0967532591771745
2011-05-20,-0.6529360571191356
2011-05-23,-1.1526802457947793
2011-05-24,-0.7160119878798499
2011-05-25,0.7521070316109046
2011-05-26,0.3988076790611972
2011-05-27,-0.0509274608046395
2011-05-31,1.0802107364609181
2011-06-01,-3.3269612883687127
2011-06-02,0.49017024828246214
2011-06-03,-1.7123358276134315
2011-06-06,-1.2670448028495263
2011-06-07,-0.010678526258778298
2011-06-08,-1.1658021288914022
2011-06-09,0.8440954647735976
2011-06-10,-1.319891990202604
2011-06-13,0.2936214151816774
2011-06-14,1.799848129991788
2011-06-15,-1.182264981281722
2011-06-16,-0.010797840911835888
2011-06-17,1.0995161084755845
2011-06-20,0.7783562375704323
2011-06-21,1.925486439019708
2011-06-22,-0.22831209575068234
2011-06-23,0.1456249819721922
2011-06-24,-1.5680610940787432
2011-06-27,0.8473788501988988
2011-06-28,1.2288530534244613
2011-06-29,0.4669058479232824
2011-06-30,1.166971405027195
2011-07-01,2.276456888486167
2011-07-05,-0.8683709002069939
2011-07-06,1.1075459339709548
2011-07-07,0.9759027414721677
2011-07-08,-1.1143933297377284
2011-07-11,-1.8849119369024336
2011-07-12,-1.0774642906966836
2011-07-13,0.46238830103126904
2011-07-14,-1.1864750615625752
2011-07-15,-0.10346459243935069
2011-07-18,-1.139774995822096
2011-07-19,1.069058732027739
2011-07-20,-0.17630288346325296
2011-07-21,1.6309826100284308
2011-07-22,-0.0613241557294808
2011-07-25,-0.2966101440375457
2011-07-26,-1.3233437227515021
2011-07-27,-2.505465150400066
2011-07-28,-0.34124391569680945
2011-07-29,-0.17117011280246563
2011-08-01,-1.0075164118930724
2011-08-02,-3.5729591907991187
2011-08-03,0.4378906913136138
2011-08-04,-5.064256535647226
2011-08-05,-0.4592578003262404
2011-08-08,-6.873316484085102
2011-08-09,4.408039911541484
2011-08-10,-4.0394090612538065
2011-08-11,4.26014647595454
2011-08-12,1.3012394194929167
2011-08-15,1.1644680771195626
2011-08-16,-1.8037117565544936
2011-08-17,-0.5559164251229598
2011-08-18,-5.7115097705214835
2011-08-19,-1.7141055360849644
2011-08-22,-0.17049585520145794
2011-08-23,3.323256214604564
2011-08-24,1.5255681919919661
2011-08-25,-1.8782958767003755
2011-08-26,2.5523316648869754
2011-08-29,3.5963176765552163
2011-08-30,1.3693313036917676
2011-08-31,-0.33176900310413204
2011-09-01,-1.450465050700911
2011-09-02,-3.2211236684070332
2011-09-06,-1.4211458123438048
2011-09-07,3.2119629911846026
2011-09-08,-1.0904117598930174
2011-09-09,-2.266834545108898
2011-09-12,-0.27879467931932744
2011-09-13,3.5205517947383136
2011-09-14,1.9398605454453488
2011-09-15,1.3609672857035404
2011-09-16,0.0831459443684679
2011-09-19,-1.757064552204668
2011-09-20,-1.2930528854339873
2011-09-21,-5.325673494368521
2011-09-22,-3.0259893360681245
2011-09-23,1.638537410161045
2011-09-26,2.3105441248606473
2011-09-27,1.5872408380838587
2011-09-28,-2.883624318531175
2011-09-29,2.0274553384961758
2011-09-30,-3.538476221915532
2011-10-03,-3.7745612123836425
2011-10-04,4.447529219434609
2011-10-05,2.671229136205633
2011-10-06,2.047931080852705
2011-10-07,-1.363112794916932
2011-10-10,3.761995585741462
2011-10-11,0.7275613461209751
2011-10-12,1.31001049553372
2011-10-13,-0.6646759245938383
2011-10-14,2.2141293841723586
2011-10-17,-2.654125201494395
2011-10-18,2.9343327293272825
2011-10-19,-1.3184366630031308
2011-10-20,1.5767768108738478
2011-10-21,2.168512023474145
2011-10-24,1.6933557345951256
2011-10-25,-2.2011920733916335
2011-10-26,0.45480318941513165
2011-10-27,4.318546800363099
2011-10-28,-0.2670665805671546
2011-10-31,-2.332085073709811
2011-11-01,-2.559101650467732
2011-11-02,1.1489794226786199
2011-11-03,2.0865132904076544
2011-11-04,-0.4768931410127908
2011-11-07,0.04563626434881396
2011-11-08,1.1973863840121224
2011-11-09,-3.8765043259229914
2011-11-10,1.512317525849327
2011-11-11,2.7370566440995114
2011-11-14,-0.5395829855621148
2011-11-15,0.6894215687077043
2011-11-16,-2.188799168459399
2011-11-17,-1.3885860498921487
2011-11-18,0.4538505985811847
2011-11-21,-2.2589992535106407
2011-11-22,-1.1259921011727791
2011-11-23,-2.409520170230117
2011-11-25,-0.7001690850251374
2011-11-28,3.7234141331404125
2011-11-29,0.40549441516806173
2011-11-30,4.917444026922779
2011-12-01,-0.7358577593071458
2011-12-02,0.8439623121408335
2011-12-05,1.594661575924805
2011-12-06,-0.834916214147019
2011-12-07,0.0673700742874983
2011-12-08,-2.445601556663579
2011-12-09,1.839935298508677
2011-12-12,-0.8694412556855324
2011-12-13,-1.5605879858199945
2011-12-14,-1.3422472560524201
2011-12-15,1.430907299519557
2011-12-16,1.5957259344232089
2011-12-19,-2.242180627020096
2011-12-20,3.3414843581273335
2011-12-21,0.5970960614349874
2011-12-22,0.7764300148593639
2011-12-23,0.49056157959423974
2011-12-27,0.05550705063250838
2011-12-28,-1.6190143653761813
2011-12-29,1.2849769415013812
2011-12-30,-0.43404113560954194
2012-01-03,0.9723910296574045
2012-01-04,0.33206898379483096
2012-01-05,-0.24270470942073796
2012-01-06,-0.12163925930117614
2012-01-09,0.6532744065394613
2012-01-10,1.4411611536395252
2012-01-11,0.42296089661162384
2012-01-12,0.3239562886912406
2012-01-13,-0.7104474343588629
2012-01-17,-0.19514574791476003
2012-01-18,1.0102168347340346
2012-01-19,1.6453586989169544
2012-01-20,-0.46549258570529606
2012-01-23,-0.7228253266747142
2012-01-24,-0.5567315516879612
2012-01-25,1.3458055600673813
2012-01-26,0.48871841246129755
2012-01-27,0.8351342810020146
2012-01-30,-0.48226165056513004
2012-01-31,-0.0842841507629033
2012-02-01,0.5693627174721438
2012-02-02,-0.6604870390098938
2012-02-03,1.1292593406025953
2012-02-06,-0.6574721014422802
2012-02-07,-0.231095708226281
2012-02-08,-0.43170724707680685
2012-02-09,0.2643599018634646
2012-02-10,-1.107470917239084
2012-02-13,1.3865232289713925
2012-02-14,-0.8731465282657558
2012-02-15,-1.952657313504813
2012-02-16,1.9266233936667376
2012-02-17,-0.6796306403013652
2012-02-21,-1.464768243461334
2012-02-22,-0.7704351469441484
2012-02-23,0.831087465390512
2012-02-24,-0.6072969233463898
2012-02-27,0.8183056485883355
2012-02-28,-0.15148961347237755
2012-02-29,-0.357700654890325
2012-03-01,1.3379697074402452
2012-03-02,-1.0734107461938036
2012-03-05,-0.6944615398210785
2012-03-06,-1.50786758096354
2012-03-07,0.5769117417667946
2012-03-08,1.4559813888915807
2012-03-09,0.25004461694326796
2012-03-12,-0.32531715086769886
2012-03-13,2.0672067378332493
2012-03-14,-1.3751310057746768
2012-03-15,3.329013688596172
2012-03-16,-0.10457650914160732
2012-03-19,0.2303545163327314
2012-03-20,-1.389482496292127
2012-03-21,0.8793364616789034
2012-03-22,-2.1738999591650376
2012-03-23,0.042952088980174885
2012-03-26,1.3674702152440377
2012-03-27,-0.22269963175908236
2012-03-28,-0.2976573056798437
2012-03-29,-0.010661127099165224
2012-03-30,-0.10661690576680982
2012-04-02,0.9499439622227435
2012-04-03,-0.296022432200993
2012-04-04,-0.2863320791896884
2012-04-05,0.13825905137476724
2012-04-09,-1.7417477115599045
2012-04-10,-1.977930372291281
2012-04-11,0.9042055960909012
2012-04-12,2.2401705036469544
2012-04-13,-1.1008874524347068
2012-04-16,0.7889369538976121
2012-04-17,1.5011927100224254
2012-04-18,-0.17962316723216798
2012-04-19,-1.418133751286954
2012-04-20,0.2254343458050867
2012-04-23,-0.9532913257149
2012-04-24,1.038160711179681
2012-04-25,0.9097810290888075
2012-04-26,-1.0394619559002116
2012-04-27,0.5787918020063065
2012-04-30,-0.6820383448978173
2012-05-01,1.0193435104930426
2012-05-02,1.0090234829656985
2012-05-03,-0.9043370588001309
2012-05-04,-1.1353644396326024
2012-05-07,0.3863783525637654
2012-05-08,-0.13899817110997192
2012-05-09,-1.4453905032921766
2012-05-10,-0.31503992992774066
2012-05-11,0.17433863043965214
2012-05-14,-0.7615083454797
2012-05-15,0.07673152512364112
2012-05-16,-0.09858119592721648
2012-05-17,-3.103073341519813
2012-05-18,-1.244757689070486
2012-05-21,2.6583956304388368
2012-05-22,0.03348753932514992
2012-05-23,1.1716127209762117
2012-05-24,0.8492664631964963
2012-05-25,-0.4484074384431769
2012-05-29,1.3731628664300333
2012-05-30,-2.091442894826556
2012-05-31,0.9850417071306294
2012-06-01,-3.178418724095211
2012-06-04,-1.6187531573670255
2012-06-05,0.6098308825608356
2012-06-06,2.9963159981667875
2012-06-07,-0.18874297816505736
2012-06-08,1.1681019211341237
2012-06-11,-1.46250488231765
2012-06-12,0.8816052324749357
2012-06-13,-0.40930828091187976
2012-06-14,0.9996601683573969
2012-06-15,0.5609106485077842
2012-06-18,1.9247169352857973
2012-06-19,1.2265940488703775
2012-06-20,-0.3191743030521943
2012-06-21,-1.985050729999105
2012-06-22,-0.794865186735616
2012-06-25,-1.90976156419852
2012-06-26,0.3468407149582964
2012-06-27,0.5463987994797748
2012-06-28,0.6765044881081872
2012-06-29,2.8089995514705146
2012-07-02,-0.10715444436560917
2012-07-03,0.6328187168367805
2012-07-05,0.2238725659047036
2012-07-06,-0.8933247725344984
2012-07-09,-0.42923748818691765
2012-07-10,-1.3255953144307497
2012-07-11,-0.1965551796573206
2012-07-12,-0.4705853221355083
2012-07-13,2.176994253427811
2012-07-16,-0.7101886708575256
2012-07-17,-0.6502731575485421
2012-07-18,0.46906170688700843
2012-07-19,0.7274886726497343
2012-07-20,-2.2528821554462675
2012-07-23,-1.257177621211869
2012-07-24,-1.0833316881054822
2012-07-25,-0.587078777575667
2012-07-26,1.4537140594910847
2012-07-27,2.496353879998936
2012-07-30,-0.30579982700775776
2012-07-31,-0.4491618002444353
2012-08-01,-2.046871562430208
2012-08-02,-0.14606698457888534
2012-08-03,2.2051923152470065
2012-08-06,-0.08803795621690202
2012-08-07,0.12120459783975246
2012-08-08,-0.3631806845039276
2012-08-09,-0.41969189272411667
2012-08-10,0.1996785692777392
2012-08-13,0.0995911080392764
2012-08-14,0.4091663789493438
2012-08-15,1.145365367552298
2012-08-16,0.5879902333398634
2012-08-17,0.42216333502143044
2012-08-20,-0.010776085824892867
2012-08-21,0.09701023963224475
2012-08-22,-0.5277175464941997
2012-08-23,-1.1043996453242833
2012-08-24,-0.010917818467393037
2012-08-27,-0.9854524360895622
2012-08-28,-0.23218438570580258
2012-08-29,-0.17738437403680418
2012-08-30,-1.0770599382039725
2012-08-31,0.258173200805456
2012-09-04,-0.011192313928209963
2012-09-05,-1.0413220035388138
2012-09-06,1.90087728396382
2012-09-07,0.7328658044851055
2012-09-10,0.4408887664883565
2012-09-11,0.713352739769868
2012-09-12,0.7954458187373392
2012-09-13,0.49733694418709895
2012-09-14,0.3119472459852002
2012-09-17,-1.5442272316693928
2012-09-18,-1.0456492555357744
2012-09-19,0.41827744482423324
2012-09-20,-2.8170232942031026
2012-09-21,-1.1053873259672997
2012-09-24,0.9922535793740916
2012-09-25,-0.9649658360492475
2012-09-26,-0.022873805387957358
2012-09-27,0.549055381521879
2012-09-28,-0.9215188119690243
2012-10-01,-0.034428370498285066
2012-10-02,0.2756862434395435
2012-10-03,1.214206920533667
2012-10-04,0.9506547544235078
2012-10-05,0.5941449304916802
2012-10-08,0.2117584406818418
2012-10-09,-1.145464873505475
2012-10-10,0.011259355756698675
2012-10-11,-0.1124787429835683
2012-10-12,0.7995266110120802
2012-10-15,0.4021974483878754
2012-10-16,0.9903279862591541
2012-10-17,0.6390330453144744
2012-10-18,0.08759563046356611
2012-10-19,-1.5642195519018798
2012-10-22,-0.41113707789806053
2012-10-23,0.9149717704470595
2012-10-24,-1.9902782342837821
2012-10-25,0.5527896142891731
2012-10-26,0.22439499137194563
2012-10-31,0.7500057879029187
2012-11-01,1.5222493596221076
2012-11-02,-0.9959587691002136
2012-11-05,0.19898562465787695
2012-11-06,1.7652219341064423
2012-11-07,-2.0056211950224445
2012-11-08,-0.6859376841983456
2012-11-09,-0.6795274930249118
2012-11-12,0.7626971832763729
2012-11-13,-0.11132923080178214
2012-11-14,-2.640947554555828
2012-11-15,-0.13734915099310463
2012-11-16,-0.5157404768806328
2012-11-19,1.80874151696091
2012-11-20,0.09052993095526318
2012-11-21,0.29394709920824713
2012-11-23,1.07090607091469
2012-11-26,0.6803337317450531
2012-11-27,-0.06644172925437397
2012-11-28,0.853560821344912
2012-11-29,0.571556393832684
2012-11-30,-0.5464586713719188
2012-12-03,-1.032958600738909
2012-12-04,0.31091006004040356
2012-12-05,0.8412538765028676
2012-12-06,-0.010976833592635238
2012-12-07,0.29641525230355015
2012-12-10,1.0726635567428255
2012-12-11,0.17326626636682274
2012-12-12,-0.24864378035831525
2012-12-13,0.44435625003762524
2012-12-14,0.03238754793009058
2012-12-17,0.7334829252912067
2012-12-18,1.5418781238877077
2012-12-19,0.3066926669682335
2012-12-20,0.695949474511548
2012-12-21,-0.3036763196722303
2012-12-24,-0.5146259500892425
2012-12-26,-0.6440178801261909
2012-12-27,-0.44628010410127095
2012-12-28,-0.9179247022583992
2012-12-31,1.6373928997403198
2013-01-02,2.4377697108889596
2013-01-03,0.7345637661662296
2013-01-04,1.232552996821834
2013-01-07,-0.35511072211742434
2013-01-08,-0.34622307663719765
2013-01-09,0.9911168399470593
2013-01-10,0.566586435986216
2013-01-11,-0.020143612955791923
2013-01-14,0.513205636315095
2013-01-15,0.6907741671049017
2013-01-16,0.039765860073015524
2013-01-17,0.6161723988765466
2013-01-18,0.14814563257699032
2013-01-22,1.0947837361963586
2013-01-23,0.019517767839882794
2013-01-24,1.5704306139537438
2013-01-25,0.2400819640590468
2013-01-28,0.07665165286510067
2013-01-29,-0.12444989511409821
2013-01-30,-1.476084177032455
2013-01-31,0.2529353025706671
2013-02-01,0.8539480692785206
2013-02-04,-0.692781195186476
2013-02-05,1.153014468959368
2013-02-06,-0.08621058424962413
2013-02-07,0.31636359151003823
2013-02-08,0.4587050441258844
2013-02-11,-0.09515147266383472
2013-02-12,0.009547535943155161
2013-02-13,0.43796939788658396
2013-02-14,0.23700293336235134
2013-02-15,0.028348851636805783
2013-02-19,1.2385674296862437
2013-02-20,-1.7183601812295057
2013-02-21,-0.7126583291314215
2013-02-22,1.1771443045897056
2013-02-25,-2.203923936141017
2013-02-26,0.19341716158440825
2013-02-27,2.9443124951842314
2013-02-28,0.02813357350877066
2013-03-01,-0.1499742347859212
2013-03-04,1.1829870251635954
2013-03-05,1.5124675629612394
2013-03-06,-0.3839001328080127
2013-03-07,-0.458825129246776
2013-03-08,1.087764370761768
2013-03-11,0.11854857729372004
2013-03-12,-0.30059415395533584
2013-03-13,1.5348098141911848
2013-03-14,0.7558296585304936
2013-03-15,-0.10716689845056138
2013-03-18,-0.28608879294999
2013-03-19,-0.20619658676683805
2013-03-20,-0.28747468003155197
2013-03-21,-1.5857310337764607
2013-03-22,1.0711227014407187
2013-03-25,-0.8007752283429093
2013-03-26,0.7688042464388811
2013-03-27,0.14534560935608454
2013-03-28,0.9432148453859979
2013-04-01,-1.4645136654755864
2013-04-02,-1.3950901778501001
2013-04-03,-1.4240944342205797
2013-04-04,0.2439113082701061
2013-04-05,0.44919579624276285
2013-04-08,0.9316009988192819
2013-04-09,-0.3507124894761682
2013-04-10,1.7783926735062794
2013-04-11,-0.2821016434144452
2013-04-12,-0.2190394946360641
2013-04-15,-3.942223041232429
2013-04-16,2.3519561094224484
2013-04-17,-1.5071163465376403
2013-04-18,-0.07555684442844823
2013-04-19,1.5596734782826749
2013-04-22,0.12101799553347892
2013-04-23,0.42760737681699634
2013-04-24,0.620205619843972
2013-04-25,0.11039583598599911
2013-04-26,0.0183637181129237
2013-04-29,0.5880446222221947
2013-04-30,0.5023741774194734
2013-05-01,-2.2902662924462414
2013-05-02,1.0603488287356688
2013-05-03,2.1445218130475396
2013-05-06,1.3605786672949982
2013-05-07,1.600157140089653
2013-05-08,0.28873744969954984
2013-05-09,-1.1080106292259084
2013-05-10,0.5557994505940078
2013-05-13,-0.5088563825200065
2013-05-14,1.8518247817053801
2013-05-15,0.7446064381879225
2013-05-16,-0.71329671781869
2013-05-17,1.2031460205675248
2013-05-20,-0.6671260695838566
2013-05-21,0.06028334857310913
2013-05-22,-1.4973180891377336
2013-05-23,0.12233216157482296
2013-05-24,-0.34901844137853466
2013-05-28,0.0
2013-05-29,-0.9981662229537003
2013-05-30,0.3095479855482086
2013-05-31,-0.8993170362842196
2013-06-03,-0.05339508103865409
2013-06-04,-0.49846741028519714
2013-06-05,-1.8250363525723179
2013-06-06,0.9294815525099143
2013-06-07,2.4738513251616245
2013-06-10,-0.2643682469673725
2013-06-11,-1.0777010984463598
2013-06-12,-0.607261405791748
2013-06-13,1.9137369347496325
2013-06-14,-0.5730249197725468
2013-06-17,-0.2482796581396829
2013-06-18,0.9511120933487494
2013-06-19,-1.2239101071317315
2013-06-20,-2.1037647229927514
2013-06-21,-0.600978922520301
2013-06-24,-1.9696064884233144
2013-06-25,1.859667613831606
2013-06-26,0.6936144991035453
2013-06-27,0.8952935020378749
2013-06-28,-0.4980246868871774
2013-07-01,1.23760236730186
2013-07-02,-0.6202302583448782
2013-07-03,-0.3436932782825086
2013-07-05,1.5792301760496175
2013-07-08,0.07146816158640767
2013-07-09,2.3839464212819905
2013-07-10,-0.784877735073386
2013-07-11,1.3624148456373275
2013-07-12,-0.4682564625662744
2013-07-15,0.4791594912384678
2013-07-16,-0.7543488891683992
2013-07-17,0.8998673304811966
2013-07-18,1.69711888946793
2013-07-19,0.03406150945577391
2013-07-22,-0.07659200632010865
2013-07-23,-0.9284399615799521
2013-07-24,-1.1520984845235116
2013-07-25,0.043467184183976215
2013-07-26,0.5999296306541835
2013-07-29,-1.201297388467426
2013-07-30,0.2711703228950091
2013-07-31,0.7153517818132782
2013-08-01,3.2481571493283568
2013-08-02,-0.21811645949167957
2013-08-05,-0.7819196054276834
2013-08-06,-1.2795634608879447
2013-08-07,-0.7553646686627058
2013-08-08,0.7265196443470012
2013-08-09,-0.6096307336761919
2013-08-12,0.19004846611259119
2013-08-13,-0.6725689432786619
2013-08-14,-0.8421037756725869
2013-08-15,-0.9105212842418609
2013-08-16,0.7245090168237267
2013-08-19,-0.8859587141469283
2013-08-20,1.0177859660829736
2013-08-21,-0.6045196141802212
2013-08-22,2.044943123319909
2013-08-23,0.05182728196249098
2013-08-26,0.017282670193607963
2013-08-27,-2.727669896385032
2013-08-28,-0.07100803279075363
2013-08-29,0.2930583954112276
2013-08-30,-1.1333293786167542
2013-09-03,0.38507064671295943
2013-09-04,1.3382212860620246
2013-09-05,0.49299108247031764
2013-09-06,-0.23650664699325086
2013-09-09,1.5718183636191263
2013-09-10,2.1440455089076327
2013-09-11,-0.0423385241579588
2013-09-12,-1.16003553265549
2013-09-13,0.15420858991412878
2013-09-16,1.0093105502437583
2013-09-17,0.14396385567911896
2013-09-18,1.5136237536365726
2013-09-19,0.28321444868253387
2013-09-20,-0.4485437503743084
2013-09-23,-0.6007526790103745
2013-09-24,0.09510452036693984
2013-09-25,-0.6137558559447753
2013-09-26,0.39759539347938855
2013-09-27,-0.6740698837073178
2013-09-30,-0.2120897763355334
2013-10-01,1.3771970771650377
2013-10-02,-0.4360578391451986
2013-10-03,-1.0022795441723686
2013-10-04,0.5274726255069417
2013-10-07,-1.0832566678197653
2013-10-08,-1.4630652898396712
2013-10-09,0.3212761386148122
2013-10-10,2.3195656058550007
2013-10-11,0.5328844968842894
2013-10-14,0.033663603074218784
2013-10-15,-0.15140322783013804
2013-10-16,1.3562369163178989
2013-10-17,0.19116615032737094
2013-10-18,1.20282274680521
2013-10-21,0.3442738022813696
2013-10-22,0.8413495952262151
2013-10-23,0.6966408379537992
2013-10-24,1.0618435415834515
2013-10-25,-0.3263473320922361
2013-10-28,0.4631848965555241
2013-10-29,0.1828320003811612
2013-10-30,-0.6030069072839428
2013-10-31,-0.5029198960026182
2013-11-01,1.0269382083840872
2013-11-04,1.2468333528927067
2013-11-05,-0.5882760527152531
2013-11-06,-0.6943375441831101
2013-11-07,-1.6367288877813135
2013-11-08,1.2439124022196157
2013-11-11,0.4866890365087917
2013-11-12,0.7463315447309382
2013-11-13,0.5201292573361105
2013-11-14,0.35281386978309737
2013-11-15,0.6953025028386017
2013-11-18,-0.2870516750997143
2013-11-19,-0.9025947786326705
2013-11-20,-0.32977162121530235
2013-11-21,1.0713736183145972
2013-11-22,0.4442641342119913
2013-11-25,0.2638415406404526
2013-11-26,-0.13931637737661928
2013-11-27,0.7052593236630988
2013-11-29,-0.26164370495693756
2013-12-02,0.15430422838820235
2013-12-03,-0.9861148369450623
2013-12-04,-0.44353486300831024
2013-12-05,0.015643786810559668
2013-12-06,0.6251480779179808
2013-12-09,0.36499073945812643
2013-12-10,-0.6731626029598647
2013-12-11,-1.6125282299898736
2013-12-12,0.15836774695843214
2013-12-13,0.3794451836476753
2013-12-16,0.7796349742247966
2013-12-17,-0.523542145303757
2013-12-18,1.1625917689912058
2013-12-19,0.03881389363871168
2013-12-20,1.0168442012612244
2013-12-23,0.4581913826198658
2013-12-24,0.3603154656536489
2013-12-26,0.3054973942011596
2013-12-27,-0.16750166237462505
2013-12-30,0.0
2013-12-31,0.6102122382101616
2014-01-02,-1.3798251284427132
2014-01-03,0.6457617302209062
2014-01-06,-1.2984978613780673
2014-01-07,0.6732680650561873
2014-01-08,0.4458458158173251
2014-01-09,1.10199093378478
2014-01-10,1.2565345476104994
2014-01-13,-1.3829680992418991
2014-01-14,1.3341286031997912
2014-01-15,0.5161603213376997
2014-01-16,-0.6995473698018229
2014-01-17,-0.4121901657098581
2014-01-21,0.5644192138021698
2014-01-22,1.1449352767851417
2014-01-23,0.2811674925567331
2014-01-24,-4.057872500483417
2014-01-27,-0.9458394892109201
2014-01-28,1.1722597847290794
2014-01-29,-1.365872027778714
2014-01-30,1.7270981678159991
2014-01-31,-0.2676682708323552
2014-02-03,-3.205264147714848
2014-02-04,1.1328536455967875
2014-02-05,-0.7128489528109849
2014-02-06,1.4595699103219673
2014-02-07,0.7465019750702018
2014-02-10,-0.8953451236471954
2014-02-11,1.214965765387599
2014-02-12,0.0538630297435061
2014-02-13,0.36144189941211824
2014-02-14,0.3601523251735905
2014-02-18,-1.0536746584402623
2014-02-19,-1.2500823563667218
2014-02-20,1.5394111964817325
2014-02-21,0.8850107111955108
2014-02-24,0.4424690078634219
2014-02-25,-0.6835237316374365
2014-02-26,-0.16060108942093088
2014-02-27,0.5591270903819279
2014-02-28,0.34276073232391013
2014-03-03,-0.5617239882158898
2014-03-04,2.2213606347163406
2014-03-05,0.2688592309298077
2014-03-06,1.057593631525866
2014-03-07,0.47897407243027157
2014-03-10,-0.16865879853236176
2014-03-11,-0.30855244918940317
2014-03-12,0.2652902053764672
2014-03-13,-1.2789667408813266
2014-03-14,-0.14143735302640792
2014-03-17,0.8872654271138147
2014-03-18,0.5099719678955061
2014-03-19,-0.48533824937149195
2014-03-20,-0.1403788539491746
2014-03-21,-0.33294074025519427
2014-03-24,-0.08169427403336149
2014-03-25,0.5900241418965058
2014-03-26,-1.5848363141180988
2014-03-27,-0.2934962948979991
2014-03-28,0.520775727074918
2014-03-31,1.6968121544362447
2014-04-01,0.8933325220963351
2014-04-02,0.6658818055869542
2014-04-03,-0.1962693079056277
2014-04-04,-1.3692568770582114
2014-04-07,-1.3882836689330547
2014-04-08,-0.029978935260477346
2014-04-09,1.6180068004097992
2014-04-10,-2.1671798464385272
2014-04-11,-0.8815810614883568
2014-04-14,0.5929720154115303
2014-04-15,0.9143590169933491
2014-04-16,1.6774181645611064
2014-04-17,0.5449678974473127
2014-04-21,0.6665763926292811
2014-04-22,0.6475981518532237
2014-04-23,0.10843563334637096
2014-04-24,-0.4333084178277047
2014-04-25,-1.6537093884558485
2014-04-28,0.0
2014-04-29,0.45725002616550103
2014-04-30,0.7121324674683516
2014-05-01,0.6779495792024859
2014-05-02,-0.3475706698109815
2014-05-05,-0.21068120820388891
2014-05-06,-0.29125638823066513
2014-05-07,0.6279955755384314
2014-05-08,0.05079929553546414
2014-05-09,0.2176027979928996
2014-05-12,1.8672962047727726
2014-05-13,0.4617676963813988
2014-05-14,-0.8415292240008032
2014-05-15,-0.5563358752784131
2014-05-16,0.8032595201352466
2014-05-19,0.8111229930514163
2014-05-20,-0.9528009296321582
2014-05-21,0.64840989130448
2014-05-22,0.4813961678994838
2014-05-23,0.8173392371307653
2014-05-27,0.41230652890964503
2014-05-28,0.7168805706267545
2014-05-29,0.44228727626960396
2014-05-30,-0.0275423563516064
2014-06-02,0.5574232237060217
2014-06-03,-0.834944043749164
2014-06-04,0.06214699191628981
2014-06-05,0.7724565462175592
2014-06-06,0.9034545643757941
2014-06-09,0.0067722109306389555
2014-06-10,-0.16956493528277328
2014-06-11,-0.7269724684851542
2014-06-12,-1.9641309084154734
2014-06-13,0.795834825341557
2014-06-16,-0.1800840833412476
2014-06-17,0.45097243133824794
2014-06-18,1.485010921102048
2014-06-19,0.0884801255041534
2014-06-20,0.17683600487989892
2014-06-23,-0.5023218012589092
2014-06-24,-0.9417888306642919
2014-06-25,0.9935036138488895
2014-06-26,-0.12980097033898907
2014-06-27,0.3009970296299569
2014-06-30,0.2591148813658961
2014-07-01,0.7890809112529373
2014-07-02,-0.36443316257158687
2014-07-03,0.7247806112351984
2014-07-07,-1.0490902408375025
2014-07-08,-0.10876598190835418
2014-07-09,0.523908170755405
2014-07-10,-0.18275656792742234
2014-07-11,0.29835356356218146
2014-07-14,0.6895625419731655
2014-07-15,0.36257022448540344
2014-07-16,0.595379414184527
2014-07-17,-1.496299693327885
2014-07-18,1.33000095140694
2014-07-21,-0.3131498732147575
2014-07-22,1.0760836454408285
2014-07-23,0.25787702790933675
2014-07-24,-0.14509792737052996
2014-07-25,-0.41612575183292977
2014-07-28,-1.1209180246117278
2014-07-29,-1.3147293419961015
2014-07-30,0.7681020363176971
2014-07-31,-1.632392166248764
2014-08-01,-0.2468685441474272
2014-08-04,0.33686403162564993
2014-08-05,-1.1647403586817262
2014-08-06,-0.6030723671699878
2014-08-07,-0.20221401730843303
2014-08-08,1.278805270784411
2014-08-11,0.7934953601250072
2014-08-12,-0.06847811988170971
2014-08-13,0.6918993047485777
2014-08-14,0.8299786438143331
2014-08-15,-0.04721199846656754
2014-08-18,1.6808172974773328
2014-08-19,0.11950055756402289
2014-08-20,0.5238415881646974
2014-08-21,-0.4155449519318233
2014-08-22,0.07946325262251364
2014-08-25,0.3507929771402907
2014-08-26,-0.38912282833933887
2014-08-27,0.09929187090436109
2014-08-28,-0.29765446175340493
2014-08-29,0.04642268114878334
2014-09-02,1.3064071023471735
2014-09-03,-0.301111883804428
2014-09-04,0.7156284410367642
2014-09-05,0.5736893036149882
2014-09-08,-0.36945233509065867
2014-09-09,-0.6180752743383366
2014-09-10,0.09165348689372799
2014-09-11,0.4054826026798075
2014-09-12,-0.006502200751434817
2014-09-15,-0.3517655303613698
2014-09-16,0.5033818469738494
2014-09-17,0.8650760455479078
2014-09-18,0.335321899549923
2014-09-19,-0.5013217842017359
2014-09-22,-1.453385383263417
2014-09-23,-0.8848852395838214
2014-09-24,0.7579122968726537
2014-09-25,-1.4005573242799274
2014-09-26,1.147042227418904
2014-09-29,0.0989148968024045
2014-09-30,-0.6059994101086708
2014-10-01,-2.538069824831979
2014-10-02,0.8091112564415193
2014-10-03,2.11789702366294
2014-10-06,-1.1691114002455705
2014-10-07,-2.492805823179922
2014-10-08,0.8156223048091382
2014-10-09,-2.2978927916502245
2014-10-10,-1.9553296226992645
2014-10-13,-2.008514125815597
2014-10-14,2.752185608327151
2014-10-15,0.26083061237651695
2014-10-16,1.0756662765284863
2014-10-17,1.4676372447180785
2014-10-20,0.9665091029646966
2014-10-21,3.1367080922312773
2014-10-22,-1.8827151768649242
2014-10-23,1.9322334275316377
2014-10-24,0.9938807201288924
2014-10-27,0.6843043498047763
2014-10-28,1.5470358924550842
2014-10-29,-0.4525715561837451
2014-10-30,-1.0693531959306113
2014-10-31,1.4239311137216992
2014-11-03,0.18509008778504477
2014-11-04,0.35033388494309925
2014-11-05,0.45066557968296284
2014-11-06,1.345970832681953
2014-11-07,-0.03739706298290235
2014-11-10,1.341062048161179
2014-11-11,-0.1107782844317673
2014-11-12,0.3697003882118022
2014-11-13,-0.12277632880152156
2014-11-14,-0.08604121776687457
2014-11-17,-0.5167705452035265
2014-11-18,0.3153817794002034
2014-11-19,-0.33288637855587444
2014-11-20,0.4762318353519479
2014-11-21,0.4555246740214347
2014-11-24,0.7966176600514796
2014-11-25,0.43771107129901843
2014-11-26,-0.07263730229473131
2014-11-28,0.14538972865050237
2014-12-01,-2.7339341309037257
2014-12-02,1.1815301887762697
2014-12-03,0.8296963114656108
2014-12-04,-0.07925886780381086
2014-12-05,0.39044218783386153
2014-12-08,-1.3186262924616887
2014-12-09,-0.6896275432567323
2014-12-10,-1.246286760503157
2014-12-11,0.8476060724785572
2014-12-12,-0.9401090579288729
2014-12-15,0.0502914970003987
2014-12-16,-1.2940364064898735
2014-12-17,0.7636713253982075
2014-12-18,1.5158492630792164
2014-12-19,0.4603790305851563
2014-12-22,1.0528252319566667
2014-12-23,0.753821604225946
2014-12-24,0.35151011791763054
2014-12-26,0.1942720857403435
2014-12-29,0.23026723628536416
2014-12-30,-0.19949314469639434
2014-12-31,-0.617851080925591
2015-01-02,-0.4510419614815464
2015-01-05,-2.6387979029404596
2015-01-06,-1.7041903137100078
2015-01-07,0.7420916152072854
2015-01-08,2.0702430271336114
2015-01-09,-1.1136739842258603
2015-01-12,-0.5662332167217565
2015-01-13,-0.46824076853806407
2015-01-14,-0.8264744609353225
2015-01-15,-0.36536510027588287
2015-01-16,1.1452282669516034
2015-01-20,0.9986348440495618
2015-01-21,0.4345691626441939
2015-01-22,2.8657260211598423
2015-01-23,-1.7373751373327306
2015-01-26,0.6948478773110445
2015-01-27,-1.2691553370426933
2015-01-28,-1.4103030422364826
2015-01-29,0.6456070534570202
2015-01-30,-2.3834743033132932
2015-02-02,1.4495130259578382
2015-02-03,1.4606142578651227
2015-02-04,-0.17525288692166185
2015-02-05,0.9091238734830753
2015-02-06,-0.3728040789039766
2015-02-09,-0.9916302808401611
2015-02-10,0.8378070170806495
2015-02-11,0.2998392843705622
2015-02-12,0.772297333635863
2015-02-13,0.26576053901332664
2015-02-17,0.09861176246819259
2015-02-18,0.3571736442836482
2015-02-19,0.06748413745172321
2015-02-20,0.5702676584541599
2015-02-23,0.13416158805521494
2015-02-24,0.42622525869890904
2015-02-25,-0.460783189030034
2015-02-26,-0.49341071769839484
2015-02-27,-0.6611202583596931
2015-03-02,0.8072520953946505
2015-03-03,-0.4462245257303987
2015-03-04,-0.36841917080583375
2015-03-05,-0.2157193757151843
2015-03-06,-1.0314277120040627
2015-03-09,0.22465707284342606
2015-03-10,-1.425902909744714
2015-03-11,1.1559565836627872
2015-03-12,1.1427665310212998
2015-03-13,-0.6174281711677998
2015-03-16,1.602812904835993
2015-03-17,-0.06727424718998565
2015-03-18,0.32429699099931764
2015-03-19,0.036589388043473114
2015-03-20,0.1951083946088561
2015-03-23,-1.825402713605495
2015-03-24,-0.6941386193606514
2015-03-25,-2.0167433644195487
2015-03-26,-0.6069023872696477
2015-03-27,0.26351535794471026
2015-03-30,0.9359140892713169
2015-03-31,-0.5334723121419915
2015-04-01,-0.7533938896212011
2015-04-02,-0.7591640206177197
2015-04-06,-0.4537786320579995
2015-04-07,0.3777067356936614
2015-04-08,0.7460645225231932
2015-04-09,0.4636470637004342
2015-04-10,0.7051054731930684
2015-04-13,-0.7638136510656479
2015-04-14,-0.10260592271998936
2015-04-15,0.03211080978975378
2015-04-16,0.044926503861786315
2015-04-17,-0.6864727513218316
2015-04-20,1.7118695998000755
2015-04-21,0.20324511409404167
2015-04-22,0.5641132214962541
2015-04-23,0.47272668152191777
2015-04-24,-0.25720055711493384
2015-04-27,-0.8742228988322109
2015-04-28,0.11417789541765533
2015-04-29,-1.2167730946333388
2015-04-30,-1.2125565749251166
2015-05-01,1.6495841203475914
2015-05-04,0.12776067384907552
2015-05-05,-1.6590165291416548
2015-05-06,0.2530527639275526
2015-05-07,1.1067197594561762
2015-05-08,0.5569087701087883
2015-05-11,-0.13367208024653854
2015-05-12,-1.1473852360841197
2015-05-13,-1.0704226860868582
2015-05-14,0.527967177988864
2015-05-15,0.9207214788230278
2015-05-18,0.6874329786349609
2015-05-19,-0.7018909682585561
2015-05-20,-1.9856107505245801
2015-05-21,0.5834824518246018
2015-05-22,-0.7951886464553803
2015-05-26,-1.5374378214255136
2015-05-27,1.2077729679522031
2015-05-28,-0.936230440846908
2015-05-29,-0.738780636049563
2015-06-01,1.0862268451102164
2015-06-02,0.1194183509357849
2015-06-03,1.3779983333546575
2015-06-04,-0.888742533878828
2015-06-05,0.8769533123050399
2015-06-08,-2.111268433624569
2015-06-09,-0.35388573982518823
2015-06-10,0.7304291367850047
2015-06-11,1.0577330915387373
2015-06-12,-0.41472143209133616
2015-06-15,-0.48915651396438387
2015-06-16,-0.31221990623455653
2015-06-17,-0.3798174430907464
2015-06-18,1.5117068950313284
2015-06-19,-0.4151526741449918
2015-06-22,0.8072806511090214
2015-06-23,-0.1772323580878754
2015-06-24,-1.8070337932941882
2015-06-25,-0.8529859644755167
2015-06-26,0.013560807963930444
2015-06-29,-1.9303854006467391
2015-06-30,0.1312325122987401
2015-07-01,0.18622689812761717
2015-07-02,0.1721208675915742
2015-07-06,-0.5635693203664305
2015-07-07,1.2648591244332819
2015-07-08,-2.1500143168638908
2015-07-09,0.5371105759271799
2015-07-10,1.9010651039496507
2015-07-13,1.0417282888650403
2015-07-14,-0.05391605409753586
2015-07-15,-0.707936657559205
2015-07-16,0.11546204226955403
2015-07-17,0.6985732065204031
2015-07-20,-0.3232702371744889
2015-07-21,0.7635375776698261
2015-07-22,-0.3218715976561537
2015-07-23,-2.0923220828588884
2015-07-24,-0.6184439031823308
2015-07-27,-0.15206857830692977
2015-07-28,2.749091177256635
2015-07-29,1.6983553716212407
2015-07-30,0.0
2015-07-31,-0.23857160430683644
2015-08-03,0.22584436112453865
2015-08-04,0.18558444875755864
2015-08-05,0.11906514728592388
2015-08-06,-0.7532766707471938
2015-08-07,-1.4314021877480543
2015-08-10,1.4927214837346936
2015-08-11,-0.6255893182408601
2015-08-12,-0.4888699127773788
2015-08-13,-0.1009528356865963
2015-08-14,0.6871505747034101
2015-08-17,0.7359633868220028
2015-08-18,-0.2523649784240356
2015-08-19,-0.7058276140938791
2015-08-20,-2.4610938908117275
2015-08-21,-2.695075459045626
2015-08-24,-3.5893431337510107
2015-08-25,-1.692943553987336
2015-08-26,2.8403182945858862
2015-08-27,2.5444277514322433
2015-08-28,0.5230810247772943
2015-08-31,-0.7595158167332694
2015-09-01,-2.196686398712966
2015-09-02,2.427206915608271
2015-09-03,0.11317224288724947
2015-09-04,-1.0174664034312886
2015-09-08,2.8195989326108117
2015-09-09,-0.7081193947133024
2015-09-10,1.0697818725425634
2015-09-11,0.2836584976079637
2015-09-14,-0.4760196076679324
2015-09-15,1.8853555770962371
2015-09-16,0.21091890915421185
2015-09-17,0.4480556126496005
2015-09-18,-2.237107978394237
2015-09-21,0.781211941140425
2015-09-22,-2.448906091271419
2015-09-23,-0.4711364144774799
2015-09-24,-0.9537883578533135
2015-09-25,0.8259843691740931
2015-09-28,-2.177463719702899
2015-09-29,0.29002006288691984
2015-09-30,1.1495244349550848
2015-10-01,0.6504168076502559
2015-10-02,0.4686672083734189
2015-10-05,2.2759376520018693
2015-10-06,-1.0297214868289717
2015-10-07,1.3965573115680918
2015-10-08,1.3773443721981637
2015-10-09,0.7811830948900145
2015-10-12,0.09434237839043291
2015-10-13,-2.1548591182239285
2015-10-14,0.08943121251738795
2015-10-15,1.4233883886576093
2015-10-16,-1.518638833872521
2015-10-19,0.27535460938059586
2015-10-20,0.6247635383488159
2015-10-21,-0.48440017728996754
2015-10-22,1.501429227041462
2015-10-23,0.7429625877207302
2015-10-26,-0.20783690973555924
2015-10-27,-2.64713092224671
2015-10-28,0.06210588793194027
2015-10-29,0.8414499321819591
2015-10-30,-0.08891790665889188
2015-11-02,1.4649243285032032
2015-11-03,-0.5127030121719445
2015-11-04,-0.5628746672661333
2015-11-05,0.3614443863948935
2015-11-06,0.7542682106647769
2015-11-09,-0.2630258989528067
2015-11-10,0.020302799649485337
2015-11-11,-0.45298938050266635
2015-11-12,-1.453393758666155
2015-11-13,-0.6133795939690545
2015-11-16,0.4923266988330566
2015-11-17,0.02069528643366958
2015-11-18,1.641960784103147
2015-11-19,1.0384790486839268
2015-11-20,0.4097923253609359
2015-11-23,-0.9433385142772255
2015-11-24,-0.6551490252917569
2015-11-25,0.027204737461006268
2015-11-27,0.5301488411538546
2015-11-30,-1.365702326837126
2015-12-01,1.1995373567705192
2015-12-02,-2.1064898119050546
2015-12-03,-1.7574125841005817
2015-12-04,0.7746935331499616
2015-12-07,-0.8595840120511289
2015-12-08,-2.7985646707123335
2015-12-09,-0.47137915621575655
2015-12-10,0.6266671585825057
2015-12-11,-1.933412356283093
2015-12-14,-0.42088274503500056
2015-12-15,0.7934362446803123
2015-12-16,1.7876595830968123
2015-12-17,-1.9586321347265123
2015-12-18,-2.4253741819714736
2015-12-21,0.793313034995835
2015-12-22,1.5216024397352923
2015-12-23,1.1370338635412924
2015-12-24,0.14798213874493982
2015-12-28,-0.7167339503075798
2015-12-29,0.7071659000381869
2015-12-30,-1.0679745208696412
2015-12-31,-0.3844607163285385
2016-01-04,-2.0559578406302736
2016-01-05,0.12123013229441426
2016-01-06,-1.9905892369079692
2016-01-07,-3.08132001035738
2016-01-08,-0.7330679678663632
2016-01-11,-0.3692532237548285
2016-01-12,0.8943172819573464
2016-01-13,-3.6492901658340515
2016-01-14,1.110544122180479
2016-01-15,-1.6393441650035978
2016-01-19,-0.4583349002979853
2016-01-20,-0.45207524968797763
2016-01-21,0.8998545485157994
2016-01-22,1.2751939849706018
2016-01-25,-1.8352174871841154
2016-01-26,2.380956138641799
2016-01-27,-0.8106955580126418
2016-01-28,-0.8172882447988306
2016-01-29,3.021449681471955
2016-02-01,0.9130020979614795
2016-02-02,-2.8823105423339324
2016-02-03,1.0634712191280649
2016-02-04,3.1160819005825457
2016-02-05,-1.471395136288678
2016-02-08,-0.3051013508926448
2016-02-09,1.006688230496966
2016-02-10,-0.13555542807418552
2016-02-11,-1.4530910631811111
2016-02-12,2.3900215323279905
2016-02-16,2.3421381992177137
2016-02-17,1.5540491806738554
2016-02-18,-0.47965137316537954
2016-02-19,0.07653001495744327
2016-02-22,1.9645000959115588
2016-02-23,-1.2144686772718294
2016-02-24,-0.5843454957667804
2016-02-25,1.1373921157870281
2016-02-26,0.4528660725321654
2016-02-29,-0.8415426362810341
2016-03-01,2.152002635928718
2016-03-02,0.2522262930398256
2016-03-03,1.0802903556711652
2016-03-04,0.6734380212055191
2016-03-07,0.3999148395037677
2016-03-08,-2.6723700699735953
2016-03-09,0.6176222119008923
2016-03-10,-0.059177028230639195
2016-03-11,2.227333408749721
2016-03-14,0.05065569122946201
2016-03-15,-0.6077244159480188
2016-03-16,1.062766029846296
2016-03-17,3.025041782145421
2016-03-18,1.384213481393104
2016-03-21,0.05518945690081711
2016-03-22,-0.7443195029019134
2016-03-23,-0.6967394980502029
2016-03-24,-0.4275569576307925
2016-03-28,-0.8658225114114515
2016-03-29,1.1645199545483154
2016-03-30,0.18950616543602639
2016-03-31,-0.23118399902450903
2016-04-01,-0.716242239447118
2016-04-04,-0.9265164018997352
2016-04-05,-0.5711034956448868
2016-04-06,-0.2513060256016164
2016-04-07,-1.2884132805832005
2016-04-08,1.1010573278524838
2016-04-11,-0.46879672216109114
2016-04-12,0.7318983061439521
2016-04-13,2.618507995185837
2016-04-14,0.28741020840605813
2016-04-15,-0.08387368909629211
2016-04-18,0.342804510697059
2016-04-19,1.2619422567193617
2016-04-20,0.11016059725657001
2016-04-21,-1.2517103348868353
2016-04-22,0.9611383933846085
2016-04-25,-1.2072302657703315
2016-04-26,1.117219689805471
2016-04-27,0.2071883500365912
2016-04-28,-1.5712416440518684
2016-04-29,-1.232200101016856
2016-05-02,0.7442960045530134
2016-05-03,-1.2524588897062983
2016-05-04,-0.876456629593303
2016-05-05,-1.1429832097723858
2016-05-06,0.8580441937666272
2016-05-09,0.036052691653876145
2016-05-10,1.3045073851709166
2016-05-11,-1.664758343138728
2016-05-12,-1.3963206891090874
2016-05-13,-1.269344461174493
2016-05-16,0.839733293386824
2016-05-17,0.5896034511571502
2016-05-18,0.3443426180095077
2016-05-19,-0.6644224375787045
2016-05-20,1.2862927114751566
2016-05-23,-0.3918794147236393
2016-05-24,0.4298407942821658
2016-05-25,0.8197151713064343
2016-05-26,-0.20864084367636648
2016-05-27,0.6850035720490588
2016-05-31,0.20048405330568286
2016-06-01,-0.15723260700336583
2016-06-02,-0.15030164658271783
2016-06-03,-0.35845022135755356
2016-06-06,0.568366216483418
2016-06-07,1.116024179510089
2016-06-08,0.5660452883391454
2016-06-09,-0.18996790063116054
2016-06-10,-1.5577621031653388
2016-06-13,-1.1742640177605512
2016-06-14,-1.4708045452521246
2016-06-15,0.2941220679650858
2016-06-16,-0.4252404613657057
2016-06-17,0.5964209228712214
2016-06-20,1.1272133363756431
2016-06-21,-0.30867025860239483
2016-06-22,-0.6411326024459374
2016-06-23,0.9312148546686938
2016-06-24,-4.707576575431871
2016-06-27,-3.0647275233712468
2016-06-28,2.194271456885355
2016-06-29,2.239484195284458
2016-06-30,0.9710046719352716
2016-07-01,0.9914945617075732
2016-07-05,-1.3360735470353768
2016-07-06,-0.007477938580990884
2016-07-07,0.46390614589877366
2016-07-08,2.569436855714602
2016-07-11,0.45747636795328006
2016-07-12,2.233450657366265
2016-07-13,0.6504617207393482
2016-07-14,1.0958004931314935
2016-07-15,-0.38908959536538834
2016-07-18,-0.13254195111559453
2016-07-19,-0.11874464638537141
2016-07-20,-0.027968861176352888
2016-07-21,-1.3640186256899445
2016-07-22,1.3545178150385473
2016-07-25,-0.9306054607944536
2016-07-26,1.0806050711536175
2016-07-27,-1.3764824887697702
2016-07-28,-0.007092055669388753
2016-07-29,-0.26215000290223944
2016-08-01,-0.4120084314953254
2016-08-02,-2.090019688381861
2016-08-03,0.8523695026525058
2016-08-04,0.15893424950881307
2016-08-05,1.9545757976837885
2016-08-08,-0.035374864816417606
2016-08-09,-0.3962659215935527
2016-08-10,-0.40497656207489907
2016-08-11,0.5564322195033
2016-08-12,-0.4469617525710623
2016-08-15,0.5772050827197672
2016-08-16,0.014174188913473884
2016-08-17,0.36839800953969437
2016-08-18,0.578737200732049
2016-08-19,0.028066280874017302
2016-08-22,-0.4349399193449788
2016-08-23,0.35230712560267996
2016-08-24,-0.10532389985458135
2016-08-25,-0.6325937872503129
2016-08-26,-0.5163986311485735
2016-08-29,0.5190791487673874
2016-08-30,0.6295290831827005
2016-08-31,-0.44282184897351806
2016-09-01,0.5718953002705751
2016-09-02,0.3931554898190859
2016-09-06,0.05592621697207978
2016-09-07,1.3768677052235612
2016-09-08,0.31713121945602385
2016-09-09,-3.1887830691809005
2016-09-12,1.3842448382747508
2016-09-13,-1.9535035220781038
2016-09-14,-0.17140403027300355
2016-09-15,0.558006877334094
2016-09-16,-0.41261650138285644
2016-09-19,0.34287294444885763
2016-09-20,0.02135720323197532
2016-09-21,1.772246672756883
2016-09-22,0.4056333309012006
2016-09-23,-0.29951506123525595
2016-09-26,-0.3257040864816152
2016-09-27,0.8151771537839192
2016-09-28,0.2927741219160396
2016-09-29,-0.2502183069689301
2016-09-30,1.1984357206810126
2016-10-03,0.25474962770644094
2016-10-04,-0.28843005821835854
2016-10-05,0.6818523098139018
2016-10-06,-0.11629448458202463
2016-10-07,-0.8698118025202373
2016-10-10,1.0778135131529698
2016-10-11,-0.6767007398651881
2016-10-12,-0.3716289626680136
2016-10-13,0.04146675609177919
2016-10-14,-0.22096947348666518
2016-10-17,-0.34599562185143595
2016-10-18,-0.03471983322972383
2016-10-19,0.7224207906508129
2016-10-20,-0.4068631514199339
2016-10-21,-0.09696781618891981
2016-10-24,0.35349237886159735
2016-10-25,-0.4696556291070797
2016-10-26,-0.6592618343422285
2016-10-27,0.6356724306568751
2016-10-28,-0.020813136605379867
2016-10-31,0.5693455041034357
2016-11-01,-0.642063390504366
2016-11-02,0.31267316166456727
2016-11-03,0.4294510547751429
2016-11-04,0.26208633551731975
2016-11-07,3.123066594631285
2016-11-08,-0.11341115059613216
2016-11-09,0.9015495882684021
2016-11-10,1.9194218954446285
2016-11-11,0.2402542633954452
2016-11-14,2.2156040765657137
2016-11-15,0.6274442288642712
2016-11-16,-0.8313894504196506
2016-11-17,0.5335215633841317
2016-11-18,0.795994505731068
2016-11-21,0.41367242850507413
2016-11-22,0.09361692184757242
2016-11-23,1.11625477835815
2016-11-25,0.3700266626125881
2016-11-28,-0.725017202500855
2016-11-29,-0.2599773754981105
2016-11-30,0.4654038871042765
2016-12-01,0.5559066180417238
2016-12-02,0.1228401028409154
2016-12-05,0.2944873829138883
2016-12-06,0.7707341041180316
2016-12-07,2.4887627628273012
2016-12-08,0.5685936340323661
2016-12-09,-0.12368379362023285
2016-12-12,-1.0083115111459429
2016-12-13,0.26210030750819513
2016-12-14,-1.3783412015838326
2016-12-15,0.5482101720735599
2016-12-16,-0.8867308909877081
2016-12-19,0.5017496787724118
2016-12-20,0.986384702044174
2016-12-21,-0.9120274592422595
2016-12-22,-0.7047792821762711
2016-12-23,0.24266609584391308
2016-12-27,0.1089242148749392
2016-12-28,-1.1183484711234981
2016-12-29,-0.07337650379475313
2016-12-30,-0.37319019528960773
2017-01-03,-0.25179347467454427
2017-01-04,0.9234708005432246
2017-01-05,-0.5917055297365303
2017-01-06,0.4909123798005455
2017-01-09,-0.8182776009137527
2017-01-10,0.7018975197789379
2017-01-11,1.1310755599992506
2017-01-12,-0.4957342474307569
2017-01-13,0.595414403285055
2017-01-17,-1.0811090325708927
2017-01-18,0.3907821243065879
2017-01-19,0.36490990029347525
2017-01-20,0.7089980871284318
2017-01-23,-0.9507147775490887
2017-01-24,1.5855673663859093
2017-01-25,1.4591520582405648
2017-01-26,0.5127968086257262
2017-01-27,-0.2873414722655676
2017-01-30,-1.3349812348121937
2017-01-31,-1.4126607423239235
2017-02-01,-0.22973213736309228
2017-02-02,-0.7090067693704682
2017-02-03,1.519689453587958
2017-02-06,-0.06613694072615806
2017-02-07,-0.18648963069030078
2017-02-08,0.3194375351273093
2017-02-09,1.0333263906478152
2017-02-10,0.6362801994514999
2017-02-13,0.8331368170756637
2017-02-14,-0.33403715136095524
2017-02-15,1.2229672141200965
2017-02-16,-0.7783338713215571
2017-02-17,0.20487174223982052
2017-02-21,0.3739113337541067
2017-02-22,-0.8847147032597813
2017-02-23,-1.174462761194739
2017-02-24,0.9507471981755833
2017-02-27,0.5768394499593654
2017-02-28,-0.6027941214925225
2017-03-01,1.8546918633175702
2017-03-02,-1.572354212429694
2017-03-03,0.5403078184111232
2017-03-06,-0.7593746812559532
2017-03-07,-1.1478050643173199
2017-03-08,-0.44063101781089964
2017-03-09,-0.6399433170187985
2017-03-10,0.8908627399232705
2017-03-13,-0.4236006855071195
2017-03-14,-1.408039376399317
2017-03-15,1.1972201052708797
2017-03-16,-0.45039897851451016
2017-03-17,-0.4524373663647885
2017-03-20,-0.47872766356797936
2017-03-21,-1.9119606936158329
2017-03-22,0.6394001217647327
2017-03-23,-0.5551502627138549
2017-03-24,-0.03234128036924133
2017-03-27,0.01244058480958099
2017-03-28,1.8474859233867713
2017-03-29,-0.26262979250748497
2017-03-30,0.8267013545778745
2017-03-31,-0.4008526551937508
2017-04-03,-0.32930050795754173
2017-04-04,0.12235444680339658
2017-04-05,-0.08553683541849821
2017-04-06,0.47702706947438944
2017-04-07,-0.2921547400506763
2017-04-10,0.7752878694195386
2017-04-11,-0.40585602779590335
2017-04-12,-1.8003790483409166
2017-04-13,-1.1087159453486706
2017-04-17,1.290242386289453
2017-04-18,-0.6368840278421106
2017-04-19,0.5040658118523611
2017-04-20,1.6904044723181633
2017-04-21,0.10960642746442595
2017-04-24,1.6118134063440648
2017-04-25,-0.2933052863116292
2017-04-26,-0.798466942490017
2017-04-27,0.20578106644075778
2017-04-28,-1.0327531872816653
2017-05-01,-0.2929228236110637
2017-05-02,0.8752213693588473
2017-05-03,-0.15775510838259565
2017-05-04,0.11546253600851486
2017-05-05,0.528067862046977
2017-05-08,-1.0988932431118537
2017-05-09,0.4334345551128216
2017-05-10,-0.644326061585887
2017-05-11,-0.3059004794714548
2017-05-12,-0.39888932899107
2017-05-15,0.696243205821534
2017-05-16,-0.07343550843812441
2017-05-17,-3.0800337109728515
2017-05-18,0.41698508646539345
2017-05-19,0.7298443637097307
2017-05-22,0.9993756818647892
2017-05-23,0.5565878518322132
2017-05-24,0.13530236292338405
2017-05-25,1.5415711466711057
2017-05-26,0.19355408507577554
2017-05-30,-0.16901740483633576
2017-05-31,0.042314316741531854
2017-06-01,1.269349117284202
2017-06-02,0.5431544952391398
2017-06-05,-0.18997879172644172
2017-06-06,-0.40445862447837655
2017-06-07,0.6390123677728843
2017-06-08,-0.04153246202560634
2017-06-09,-0.04749500089136216
2017-06-12,0.6830193666845563
2017-06-13,0.7137661665067352
2017-06-14,-0.7731373584891177
2017-06-15,0.21251065338259156
2017-06-16,0.017668310193874603
2017-06-19,0.6713601361241217
2017-06-20,-1.7198871402581917
2017-06-21,-0.13095275169797693
2017-06-22,0.31587463027962226
2017-06-23,0.7902215162373105
2017-06-26,0.5069513387784275
2017-06-27,-0.603612554534827
2017-06-28,1.4264667197153802
2017-06-29,-0.4026737382784029
2017-06-30,0.8203116876773997
2017-07-03,0.8484855322995255
2017-07-05,0.06339170681342043
2017-07-06,-0.7256444247854876
2017-07-07,1.2704525904012387
2017-07-10,-0.23487405003367323
2017-07-11,-0.7808731615017384
2017-07-12,1.1979007462214142
2017-07-13,-0.1429575987303533
2017-07-14,0.44667391989796634
2017-07-17,-0.4731907709183525
2017-07-18,-0.67021995702925
2017-07-19,-0.5651806139167492
2017-07-20,-0.9743547195367297
2017-07-21,-0.1347115967225032
2017-07-24,-0.48091537373442517
2017-07-25,0.6600231865275363
2017-07-26,-0.07609082171791126
2017-07-27,-3.0876487290326327
2017-07-28,0.3808695723425348
2017-07-31,-0.48181770949725644
2017-08-01,-0.3691592854453418
2017-08-02,0.27942306409209916
2017-08-03,0.4058347474797719
2017-08-04,0.7661729947946005
2017-08-07,0.19158135653958297
2017-08-08,-0.6871766371192023
2017-08-09,0.0
2017-08-10,-0.9626984643059222
2017-08-11,0.48601430915677923
2017-08-14,1.77146756995199
2017-08-15,0.2851526991053621
2017-08-16,0.13623366891863942
2017-08-17,-2.3840441492595676
2017-08-18,-0.7454075367422708
2017-08-21,0.3968708366573592
2017-08-22,0.8575231642927728
2017-08-23,-1.3265738785255388
2017-08-24,-0.6355517788855569
2017-08-25,1.1439273046239151
2017-08-28,0.35266113194167836
2017-08-29,0.9088518099978238
2017-08-30,0.7505861333613195
2017-08-31,0.13110240643379178
2017-09-01,0.3749852504101536
2017-09-05,-0.972486518857818
2017-09-06,0.49103236060534794
2017-09-07,0.48266556444880315
2017-09-08,0.4032358089864241
2017-09-11,1.0513179750178514
2017-09-12,0.6078682697693516
2017-09-13,-0.08714395368799588
2017-09-14,-0.3256122719530685
2017-09-15,-1.9950931469449595
2017-09-18,2.2142786560052974
2017-09-19,-0.06405099324903185
2017-09-20,1.4800736490780952
2017-09-21,0.2124745837603692
2017-09-22,0.3266203392218836
2017-09-25,0.1142156216871415
2017-09-26,0.6999743274075154
2017-09-27,0.5394904984638016
2017-09-28,0.45753353424455856
2017-09-29,0.3204880479048322
2017-10-02,-0.14572975630491314
2017-10-03,0.6960044145436495
2017-10-04,-0.49051242488286073
2017-10-05,-0.2016704698745153
2017-10-06,-0.2188999827045679
2017-10-09,-0.18562646215855017
2017-10-10,0.7100976421656746
2017-10-11,0.4084894617726986
2017-10-12,0.6688074196002924
2017-10-13,-1.0352785908160356
2017-10-16,-0.7775844637310292
2017-10-17,-0.3720907633698922
2017-10-18,0.786605108799332
2017-10-19,-0.1291542470281959
2017-10-20,0.8995460641228137
2017-10-23,-0.3677622717600415
2017-10-24,0.139815697850465
2017-10-25,-1.5246332409807106
2017-10-26,0.9414231445183274
2017-10-27,0.4269923411665655
2017-10-30,-1.3146968184456709
2017-10-31,-0.44216805342633947
2017-11-01,0.2733247647241477
2017-11-02,-0.04543735350609479
2017-11-03,-0.1988325803065738
2017-11-06,-0.25615937316951776
2017-11-07,-0.6905782666298488
2017-11-08,-0.3907755546452174
2017-11-09,-1.165407621608483
2017-11-10,-0.11091088070166455
2017-11-13,0.19284970153659042
2017-11-14,-0.2799547977691219
2017-11-15,-0.5380986484463612
2017-11-16,1.6759678527018984
2017-11-17,-1.0815637775836495
2017-11-20,0.37421090403553237
2017-11-21,1.0135785258192032
2017-11-22,0.06919543828032282
2017-11-24,-0.06914759130146608
2017-11-27,-0.32293272803803896
2017-11-28,1.7182385828969027
2017-11-29,3.4068909938431036
2017-11-30,2.007596451835769
2017-12-01,-0.8249662987274808
2017-12-04,1.810469483050392
2017-12-05,-1.3937927364357616
2017-12-06,-0.005410426207952401
2017-12-07,1.3539771667770317
2017-12-08,0.3633750128341884
2017-12-11,-0.25024350652641525
2017-12-12,-0.010673034142816284
2017-12-13,0.28825361701616536
2017-12-14,-0.7079314231399514
2017-12-15,0.6272069233682176
2017-12-18,1.2892307933905833
2017-12-19,-0.08940685299990703
2017-12-20,0.9423081553525448
2017-12-21,0.03649446200946205
2017-12-22,0.41184713004425166
2017-12-26,-0.05193996282906177
2017-12-27,0.22857845982182656
2017-12-28,-0.305778274435653
2017-12-29,-0.37950580927096356
2018-01-02,1.7899198205902467
2018-01-03,0.1076578203077494
2018-01-04,0.348229866987948
2018-01-05,0.4797139779723736
2018-01-08,0.8075661481734553
2018-01-09,0.19144830027495452
2018-01-10,0.09554532163082996
2018-01-11,2.371266875970135
2018-01-12,0.7655691044507584
2018-01-16,-1.3734050896337502
2018-01-17,0.31603963819599734
2018-01-18,0.0590656236066911
2018-01-19,0.3640441398650829
2018-01-22,0.45095210583689926
2018-01-23,-0.16590727189980115
2018-01-24,-1.4418984019036296
2018-01-25,-1.5770621664237705
2018-01-26,1.027897968004532
2018-01-29,-0.11969209061731823
2018-01-30,-1.3532388269957285
2018-01-31,0.05568284693002745
2018-02-01,-0.5615646783332484
2018-02-02,-2.1470356132623825
2018-02-05,-3.0104603156821286
2018-02-06,1.645768856668628
2018-02-07,0.27951051616892375
2018-02-08,-3.7971975273744074
2018-02-09,-0.15853722454755026
2018-02-12,1.5933699146186253
2018-02-13,0.7491705888790889
2018-02-14,0.9201301029422737
2018-02-15,0.7368195169883185
2018-02-16,-0.36834331775426055
2018-02-20,-1.5474721524572965
2018-02-21,0.332592358731687
2018-02-22,0.6309134105990655
2018-02-23,1.4664522390551271
2018-02-26,1.7960817235989968
2018-02-27,-2.247930684898558
2018-02-28,-1.4103087173123363
2018-03-01,-0.3576352290465823
2018-03-02,0.021447695872645056
2018-03-05,0.18208801106094352
2018-03-06,0.8179099955347047
2018-03-07,-0.3287478217285811
2018-03-08,0.547962468326757
2018-03-09,2.6613755604110834
2018-03-12,-0.25769667831166965
2018-03-13,0.43404311679937635
2018-03-14,-1.7080863445173455
2018-03-15,0.25125044897935656
2018-03-16,0.8875825649341085
2018-03-19,-0.37778925984410794
2018-03-20,0.40520305200766327
2018-03-21,-0.4190900854276536
2018-03-22,-2.8522807755301915
2018-03-23,-1.9158513498245378
2018-03-26,2.1338198684910603
2018-03-27,-1.8910312210415947
2018-03-28,0.09283014504462006
2018-03-29,2.029350307838129
2018-04-02,-1.9889867981274678
2018-04-03,1.9747932310131722
2018-04-04,-0.10163329777524988
2018-04-05,0.6640168700736915
2018-04-06,-2.9418014740805964
2018-04-09,-0.27952755761442294
2018-04-10,1.0278008960540985
2018-04-11,-0.29920919639708776
2018-04-12,1.6261027897454428
2018-04-13,0.11275969088408999
2018-04-16,2.3437930188449307
2018-04-17,-0.2096390769652734
2018-04-18,1.769778368631525
2018-04-19,-0.8875459521673679
2018-04-20,-0.9788170375196303
2018-04-23,0.43114468903502345
2018-04-24,-2.031303881479274
2018-04-25,1.0420554546844096
2018-04-26,-0.7721629517118189
2018-04-27,1.2738567947141677
2018-04-30,-1.215729051047243
2018-05-01,-0.34096019871940886
2018-05-02,-0.9996852344454465
2018-05-03,-0.22679749968691487
2018-05-04,1.1690220666070061
2018-05-07,-0.1444485669112372
2018-05-08,0.7553979607994421
2018-05-09,0.6327372610894333
2018-05-10,1.0039196929668703
2018-05-11,1.0514578154414034
2018-05-14,-0.5383777677586687
2018-05-15,-0.4163788788593248
2018-05-16,0.8623790135337428
2018-05-17,0.38864530589870494
2018-05-18,-0.06710339966086165
2018-05-21,1.2655009524825012
2018-05-22,-1.20377649933201
2018-05-23,-0.07227369308340226
2018-05-24,1.152143090407276
2018-05-25,0.42905222060236614
2018-05-29,-1.398630944220114
2018-05-30,1.5732095481802766
2018-05-31,-1.4320479393399532
2018-06-01,1.3240631854082974
2018-06-04,-0.722020110133148
2018-06-05,-0.3636513792273699
2018-06-06,0.5962847952439398
2018-06-07,0.05620596677402556
2018-06-08,0.8784059342362038
2018-06-11,1.1188247172373433
2018-06-12,0.28536182474161453
2018-06-13,-0.7687981879455297
2018-06-14,0.0754507264067561
2018-06-15,0.542936450315934
2018-06-18,-0.19499964065516906
2018-06-19,-1.6832792926779971
2018-06-20,0.050959270207528995
2018-06-21,-0.4125397068212022
2018-06-22,-0.516522772640815
2018-06-25,-2.2978436038141425
2018-06-26,-0.47382550126242595
2018-06-27,-1.3837304564466857
2018-06-28,-0.26343291406843994
2018-06-29,0.3827030600661807
2018-07-02,0.9773006576529575
2018-07-03,-0.739180313614507
2018-07-05,0.5732447274072072
2018-07-06,0.3995143820556768
2018-07-09,2.08509544566009
2018-07-10,-0.296243186089018
2018-07-11,-2.0798506120459526
2018-07-12,0.5003849674830585
2018-07-13,0.5402884904376348
2018-07-16,-1.0115359704870874
2018-07-17,0.27143017273922876
2018-07-18,2.2770706185430534
2018-07-19,0.42036724200338327
2018-07-20,-0.09818869655712215
2018-07-23,0.6724954910827474
2018-07-24,-1.5312647424687964
2018-07-25,2.3378363279644487
2018-07-26,0.8413538426745415
2018-07-27,-0.3084496225048361
2018-07-30,-0.19274221188492202
2018-07-31,1.2806738171875276
2018-08-01,-0.8680742964114918
2018-08-02,0.6732056314062707
2018-08-03,0.4575496885389718
2018-08-06,0.6005936523137523
2018-08-07,0.4776185925463139
2018-08-08,-0.4109721158993107
2018-08-09,-0.31820422713568774
2018-08-10,-0.4638630701389257
2018-08-13,-0.6163561787546623
2018-08-14,0.942867154204996
2018-08-15,-0.024970938030255407
2018-08-16,0.6844879919509328
2018-08-17,0.3721681372968133
2018-08-20,1.260696773886738
2018-08-21,0.6591049245024738
2018-08-22,-1.052524095641183
2018-08-23,-0.5049019001878485
2018-08-24,0.2217041552450505
2018-08-27,1.1060908906979305
2018-08-28,-0.17503600581084688
2018-08-29,0.014611132010178274
2018-08-30,-0.6963985645366821
2018-08-31,-0.0686667794846163
2018-09-04,0.12759325919728948
2018-09-05,0.5489365503495103
2018-09-06,-0.19010270336078383
2018-09-07,-0.10744005508845911
2018-09-10,1.7600419155902713
2018-09-11,-0.17775865484536135
2018-09-12,-0.14439058438363572
2018-09-13,-0.4675387320233315
2018-09-14,0.9588342079770662
2018-09-17,-0.877774835966938
2018-09-18,0.4064788590727897
2018-09-19,-0.014457620183838671
2018-09-20,0.04338691166927422
2018-09-21,0.1349031456719274
2018-09-24,-1.448295965466928
2018-09-25,-0.5028804930698461
2018-09-26,0.6266963964173922
2018-09-27,0.04889229482845092
2018-09-28,-0.05375199722601476
2018-10-01,0.2835494191471222
2018-10-02,-1.1066125412484085
2018-10-03,0.5471722384305266
2018-10-04,-0.3971165868664195
2018-10-05,-0.7826319072292032
2018-10-08,-0.04961753871071117
2018-10-09,-1.8662790892223113
2018-10-10,-4.010926377686208
2018-10-11,-1.4595860185130483
2018-10-12,0.8929941645577699
2018-10-15,0.5724021766443155
2018-10-16,1.8707834911636967
2018-10-17,-0.579374300511426
2018-10-18,-2.612001681299214
2018-10-19,0.29385801035115566
2018-10-22,-0.026639162223918156
2018-10-23,-1.8596535590437835
2018-10-24,-3.2956880297803526
2018-10-25,1.8527852094183617
2018-10-26,-1.2513066875250445
2018-10-29,-0.6419503475222355
2018-10-30,2.8259939670432166
2018-10-31,0.10382269132604982
2018-11-01,1.8339600993287464
2018-11-02,-0.04287578276995774
2018-11-05,0.010719361935573879
2018-11-06,1.1420299932901168
2018-11-07,2.247664142934891
2018-11-08,-0.4925388685872889
2018-11-09,-1.339024343328743
2018-11-12,-1.3624767943023253
2018-11-13,0.642457264491747
2018-11-14,0.25535560761826837
2018-11-15,1.5175662477342255
2018-11-16,-0.22475976355660343
2018-11-19,-0.4924370827741109
2018-11-20,-3.0692313773177715
2018-11-21,1.4555802539577778
2018-11-23,0.10171423455074269
2018-11-26,1.04817822587846
2018-11-27,0.25933434206524275
2018-11-28,2.5126647449405626
2018-11-29,-0.7569554596004946
2018-11-30,1.3230944057641691
2018-12-03,0.23043884667401926
2018-12-04,-4.378475962528993
2018-12-06,-0.11220764320335475
2018-12-07,-4.011763804064527
2018-12-10,-0.7188548137655237
2018-12-11,-0.38168744717792524
2018-12-12,0.02253559372555891
2018-12-13,-1.6279804378957596
2018-12-14,-1.6033920947601255
2018-12-17,-1.2094845904251694
2018-12-18,0.42543006632886904
2018-12-19,-3.130151792219138
2018-12-20,-1.3423247156390317
2018-12-21,-1.7238180193674957
2018-12-24,-2.656138153683063
2018-12-26,5.347833597994733
2018-12-27,0.6230863075534776
2018-12-28,-0.5585173866444526
2018-12-31,0.7386986994019962
