Date,Adj Close
2008-12-31,55.95401
2009-01-02,57.730465
2009-01-05,57.403445999999995
2009-01-06,58.870579000000006
2009-01-07,56.493126000000004
2009-01-08,56.2103
2009-01-09,54.672481999999995
2009-01-12,52.533657
2009-01-13,51.817776
2009-01-14,49.351952000000004
2009-01-15,50.271111
2009-01-16,49.599415
2009-01-20,46.744704999999996
2009-01-21,48.326725
2009-01-22,48.02623
2009-01-23,46.930302000000005
2009-01-26,46.939144
2009-01-27,47.761097
2009-01-28,49.519871
2009-01-29,48.061588
2009-01-30,46.559101
2009-02-02,45.852066
2009-02-03,47.725742
2009-02-04,47.274994
2009-02-05,48.282536
2009-02-06,50.668827
2009-02-09,50.704178000000006
2009-02-10,48.158802
2009-02-11,47.557812
2009-02-12,47.319179999999996
2009-02-13,46.780052000000005
2009-02-17,44.411429999999996
2009-02-18,43.775104999999996
2009-02-19,42.882458
2009-02-20,42.714539
2009-02-23,40.99995
2009-02-24,42.900139
2009-02-25,41.282749
2009-02-26,40.071949
2009-02-27,39.603531
2009-03-02,36.952095
2009-03-03,36.342262
2009-03-04,38.109871000000005
2009-03-05,35.502646999999996
2009-03-06,34.804435999999995
2009-03-09,34.132740000000005
2009-03-10,36.430634000000005
2009-03-11,37.261425
2009-03-12,38.383873
2009-03-13,38.375034
2009-03-16,39.806793
2009-03-17,41.008781
2009-03-18,41.751186
2009-03-19,41.821896
2009-03-20,39.859833
2009-03-23,42.66151
2009-03-24,42.316833
2009-03-25,42.104515
2009-03-26,45.690533
2009-03-27,44.049164000000005
2009-03-30,42.122353000000004
2009-03-31,42.604057
2009-04-01,43.326611
2009-04-02,46.760983
2009-04-03,47.296215000000004
2009-04-06,46.5023
2009-04-07,44.156203999999995
2009-04-08,44.959057
2009-04-09,47.430008
2009-04-13,47.224857
2009-04-14,46.91264
2009-04-15,47.358654
2009-04-16,48.794857
2009-04-17,49.365753000000005
2009-04-20,46.636086
2009-04-21,48.063362
2009-04-22,48.777004
2009-04-23,49.392517
2009-04-24,49.918831
2009-04-27,47.563824
2009-04-28,47.617359
2009-04-29,49.535247999999996
2009-04-30,50.132927
2009-05-01,50.186440000000005
2009-05-04,53.65650600000001
2009-05-05,53.112354
2009-05-06,53.576209999999996
2009-05-07,52.755524
2009-05-08,53.504852
2009-05-11,51.453140000000005
2009-05-12,50.231037
2009-05-13,47.876049
2009-05-14,48.536148
2009-05-15,48.910812
2009-05-18,50.364853000000004
2009-05-19,50.275646
2009-05-20,50.293471999999994
2009-05-21,48.366665000000005
2009-05-22,48.179337
2009-05-26,50.08831
2009-05-27,48.794857
2009-05-28,49.339001
2009-05-29,51.328255
2009-06-01,53.522681999999996
2009-06-02,54.272003000000005
2009-06-03,52.99638
2009-06-04,53.817074
2009-06-05,53.736782
2009-06-08,53.478081
2009-06-09,54.325523
2009-06-10,54.352276
2009-06-11,54.39688100000001
2009-06-12,53.888424
2009-06-15,51.667229
2009-06-16,50.98037
2009-06-17,50.998196
2009-06-18,51.247963
2009-06-19,51.586948
2009-06-22,49.829628
2009-06-23,49.276554
2009-06-24,50.071449
2009-06-25,52.278511
2009-06-26,52.260567
2009-06-29,52.215709999999994
2009-06-30,52.215709999999994
2009-07-01,52.565594
2009-07-02,50.744347
2009-07-06,50.860966
2009-07-07,49.201187
2009-07-08,49.228092
2009-07-09,49.353706
2009-07-10,50.008652000000005
2009-07-13,50.555923
2009-07-14,51.174984
2009-07-15,52.125984
2009-07-16,53.462771999999994
2009-07-17,53.803703000000006
2009-07-20,54.368922999999995
2009-07-21,54.036964000000005
2009-07-22,54.593231
2009-07-23,56.244034
2009-07-24,56.943821
2009-07-27,57.437270999999996
2009-07-28,57.114295999999996
2009-07-29,56.423466000000005
2009-07-30,57.688492000000004
2009-07-31,57.67952
2009-08-03,59.159863
2009-08-04,59.294433999999995
2009-08-05,58.83688000000001
2009-08-06,58.235764
2009-08-07,60.065998
2009-08-10,60.003201000000004
2009-08-11,59.689178000000005
2009-08-12,60.52356700000001
2009-08-13,60.801697
2009-08-14,59.680206000000005
2009-08-17,57.706417
2009-08-18,58.540813
2009-08-19,58.675377000000005
2009-08-20,59.123974
2009-08-21,60.622261
2009-08-24,60.317218999999994
2009-08-25,60.801697
2009-08-26,60.083968999999996
2009-08-27,59.832733
2009-08-28,60.083968999999996
2009-08-31,59.186779
2009-09-01,58.370342
2009-09-02,58.163986
2009-09-03,59.455929000000005
2009-09-04,60.667114
2009-09-08,60.873466
2009-09-09,61.555313
2009-09-10,62.945930000000004
2009-09-11,64.569824
2009-09-14,64.919701
2009-09-15,65.197845
2009-09-16,65.179909
2009-09-17,64.722336
2009-09-18,64.605713
2009-09-21,64.246849
2009-09-22,64.606667
2009-09-23,63.949959
2009-09-24,62.816547
2009-09-25,61.943985
2009-09-28,62.672623
2009-09-29,62.177845
2009-09-30,61.737061
2009-10-01,60.261784
2009-10-02,60.009910999999995
2009-10-05,60.900478
2009-10-06,61.323268999999996
2009-10-07,61.332249
2009-10-08,62.762558
2009-10-09,62.8885
2009-10-12,63.374275
2009-10-13,63.158367000000005
2009-10-14,65.578201
2009-10-15,65.155388
2009-10-16,64.957497
2009-10-19,65.137428
2009-10-20,65.380318
2009-10-21,63.617160999999996
2009-10-22,63.653149
2009-10-23,61.431217000000004
2009-10-26,60.981426
2009-10-27,59.883972
2009-10-28,58.723521999999996
2009-10-29,59.650078
2009-10-30,58.210784999999994
2009-11-02,57.805969
2009-11-03,60.909473
2009-11-04,59.98290600000001
2009-11-05,61.287285
2009-11-06,61.97993100000001
2009-11-09,63.10442
2009-11-10,63.077412
2009-11-11,64.34581
2009-11-12,63.491188
2009-11-13,63.896007999999995
2009-11-16,65.22737099999999
2009-11-17,65.362312
2009-11-18,64.93051899999999
2009-11-19,63.806056999999996
2009-11-20,63.698116000000006
2009-11-23,64.18388399999999
2009-11-24,63.743083999999996
2009-11-25,64.1119
2009-11-27,63.464237
2009-11-30,63.662128
2009-12-01,64.381775
2009-12-02,65.299316
2009-12-03,65.038467
2009-12-04,66.36979699999999
2009-12-07,65.884064
2009-12-08,65.7761
2009-12-09,65.84805300000001
2009-12-10,66.180878
2009-12-11,66.495743
2009-12-14,67.58422900000001
2009-12-15,67.58422900000001
2009-12-16,67.863091
2009-12-17,67.053505
2009-12-18,67.053505
2009-12-21,67.53924599999999
2009-12-22,67.61122900000001
2009-12-23,67.82040400000001
2009-12-24,67.910576
2009-12-28,67.604012
2009-12-29,67.93766
2009-12-30,67.74826800000001
2009-12-31,66.566986
2010-01-04,66.972755
2010-01-05,67.549904
2010-01-06,67.306427
2010-01-07,67.09000400000001
2010-01-08,68.40655500000001
2010-01-11,69.001724
2010-01-12,68.43363199999999
2010-01-13,68.478699
2010-01-14,68.53280600000001
2010-01-15,67.694153
2010-01-19,67.93766
2010-01-20,67.342484
2010-01-21,66.44075
2010-01-22,65.043022
2010-01-25,65.24140899999999
2010-01-26,65.142227
2010-01-27,65.367683
2010-01-28,63.969955000000006
2010-01-29,63.185452000000005
2010-02-01,64.240501
2010-02-02,64.78154
2010-02-03,64.051086
2010-02-04,62.067276
2010-02-05,62.229583999999996
2010-02-08,61.814785
2010-02-09,62.896893000000006
2010-02-10,62.779652
2010-02-11,63.84371899999999
2010-02-12,63.84371899999999
2010-02-16,65.025002
2010-02-17,65.223389
2010-02-18,65.223389
2010-02-19,66.01693
2010-02-22,66.603043
2010-02-23,66.359619
2010-02-24,66.68420400000001
2010-02-25,67.11705
2010-02-26,67.63105
2010-03-01,67.95568100000001
2010-03-02,67.640091
2010-03-03,67.667114
2010-03-04,67.91964
2010-03-05,68.442612
2010-03-08,68.794296
2010-03-09,69.641953
2010-03-10,70.065773
2010-03-11,70.58878299999999
2010-03-12,70.615845
2010-03-15,70.80519100000001
2010-03-16,71.418373
2010-03-17,71.544617
2010-03-18,72.238991
2010-03-19,71.562691
2010-03-22,71.61676800000001
2010-03-23,72.040604
2010-03-24,71.229019
2010-03-25,70.88793199999999
2010-03-26,70.96030400000001
2010-03-29,71.47600600000001
2010-03-30,71.70219399999999
2010-03-31,71.557434
2010-04-01,71.71126600000001
2010-04-05,72.08219100000001
2010-04-06,72.3265
2010-04-07,71.84697
2010-04-08,72.724564
2010-04-09,73.511765
2010-04-12,73.76505300000001
2010-04-13,74.018394
2010-04-14,75.827919
2010-04-15,77.112656
2010-04-16,75.882187
2010-04-19,75.294113
2010-04-20,75.945541
2010-04-21,76.162674
2010-04-22,76.777908
2010-04-23,77.447441
2010-04-26,77.619339
2010-04-27,75.827919
2010-04-28,76.01790600000001
2010-04-29,77.65553299999999
2010-04-30,76.325539
2010-05-03,78.316025
2010-05-04,75.4841
2010-05-05,74.516014
2010-05-06,72.036987
2010-05-07,70.308891
2010-05-10,74.07265500000001
2010-05-11,74.461731
2010-05-12,76.045052
2010-05-13,74.814598
2010-05-14,73.52079
2010-05-17,73.366989
2010-05-18,72.353661
2010-05-19,71.666031
2010-05-20,68.264107
2010-05-21,69.340813
2010-05-24,68.816025
2010-05-25,68.87033100000001
2010-05-26,69.521736
2010-05-27,71.756508
2010-05-28,71.240768
2010-06-01,69.530792
2010-06-02,71.584595
2010-06-03,71.81076800000001
2010-06-04,68.246033
2010-06-07,66.273643
2010-06-08,67.024597
2010-06-09,67.160324
2010-06-10,69.94698299999999
2010-06-11,70.806519
2010-06-14,71.186493
2010-06-15,73.276505
2010-06-16,72.49838299999999
2010-06-17,72.597931
2010-06-18,72.73363499999999
2010-06-21,72.634125
2010-06-22,69.91078900000001
2010-06-23,69.94698299999999
2010-06-24,68.98496999999999
2010-06-25,69.50277700000001
2010-06-28,68.994057
2010-06-29,66.21431700000001
2010-06-30,65.732826
2010-07-01,65.96905500000001
2010-07-02,64.451981
2010-07-06,64.061348
2010-07-07,66.486824
2010-07-08,67.486115
2010-07-09,68.27639
2010-07-12,68.312737
2010-07-13,69.657188
2010-07-14,70.229515
2010-07-15,69.738922
2010-07-16,67.63143199999999
2010-07-19,67.767715
2010-07-20,68.966782
2010-07-21,67.931198
2010-07-22,70.50200699999999
2010-07-23,71.583038
2010-07-26,73.563385
2010-07-27,72.53688000000001
2010-07-28,72.582298
2010-07-29,72.455139
2010-07-30,72.446045
2010-08-02,73.89948299999999
2010-08-03,72.845726
2010-08-04,73.999397
2010-08-05,73.717804
2010-08-06,73.16368100000001
2010-08-09,74.181084
2010-08-10,73.054649
2010-08-11,70.06594799999999
2010-08-12,69.657188
2010-08-13,69.13942
2010-08-16,69.05764
2010-08-17,70.592865
2010-08-18,70.95623
2010-08-19,69.40284
2010-08-20,69.19388599999999
2010-08-23,68.494423
2010-08-24,67.095467
2010-08-25,67.286224
2010-08-26,67.41342900000001
2010-08-27,68.86688199999999
2010-08-30,67.74955
2010-08-31,67.80403100000001
2010-09-01,70.42932900000001
2010-09-02,71.346863
2010-09-03,72.146248
2010-09-07,71.483086
2010-09-08,72.38245400000001
2010-09-09,72.20983100000001
2010-09-10,72.418762
2010-09-13,73.100098
2010-09-14,73.190933
2010-09-15,73.6633
2010-09-16,72.854805
2010-09-17,72.97290799999999
2010-09-20,73.61792
2010-09-21,74.226517
2010-09-22,73.590614
2010-09-23,72.167168
2010-09-24,74.217628
2010-09-27,74.244949
2010-09-28,74.491013
2010-09-29,74.80998199999999
2010-09-30,74.408997
2010-10-01,74.23583199999999
2010-10-04,73.333664
2010-10-05,75.119812
2010-10-06,75.42965699999999
2010-10-07,75.338539
2010-10-08,76.113152
2010-10-11,76.277191
2010-10-12,75.958237
2010-10-13,77.81732199999999
2010-10-14,77.370773
2010-10-15,77.170296
2010-10-18,77.443665
2010-10-19,76.41391
2010-10-20,78.09070600000001
2010-10-21,77.926704
2010-10-22,78.2183
2010-10-25,78.537262
2010-10-26,78.61927
2010-10-27,77.93579100000001
2010-10-28,77.86286199999999
2010-10-29,78.163597
2010-11-01,78.172752
2010-11-02,79.229866
2010-11-03,80.004478
2010-11-04,80.979591
2010-11-05,81.03426400000001
2010-11-08,81.088936
2010-11-09,79.676422
2010-11-10,80.022697
2010-11-11,80.077377
2010-11-12,79.220741
2010-11-15,79.430351
2010-11-16,78.236526
2010-11-17,78.464348
2010-11-18,79.813118
2010-11-19,80.31433100000001
2010-11-22,80.132065
2010-11-23,78.801537
2010-11-24,80.988701
2010-11-26,80.505707
2010-11-29,80.797333
2010-11-30,80.068268
2010-12-01,81.982033
2010-12-02,83.084709
2010-12-03,83.631516
2010-12-06,83.28519399999999
2010-12-07,83.522171
2010-12-08,83.139412
2010-12-09,83.850235
2010-12-10,84.1054
2010-12-13,83.431015
2010-12-14,83.102951
2010-12-15,82.81134
2010-12-16,83.904915
2010-12-17,83.29433399999999
2010-12-20,83.139412
2010-12-21,84.04160300000001
2010-12-22,84.10374499999999
2010-12-23,83.783951
2010-12-27,84.048912
2010-12-28,84.012375
2010-12-29,84.222488
2010-12-30,84.268211
2010-12-31,84.35045600000001
2011-01-03,85.382889
2011-01-04,84.752472
2011-01-05,85.136177
2011-01-06,84.798149
2011-01-07,85.455978
2011-01-10,85.867142
2011-01-11,85.282387
2011-01-12,85.967621
2011-01-13,86.30566400000001
2011-01-14,86.16864
2011-01-18,86.013336
2011-01-19,84.46006
2011-01-20,83.738274
2011-01-21,83.153503
2011-01-24,83.76567800000001
2011-01-25,83.208336
2011-01-26,84.195091
2011-01-27,84.807266
2011-01-28,82.413437
2011-01-31,82.89768199999999
2011-02-01,84.551445
2011-02-02,82.852005
2011-02-03,83.254013
2011-02-04,83.436752
2011-02-07,83.692566
2011-02-08,83.866196
2011-02-09,84.076309
2011-02-10,85.373749
2011-02-11,86.506691
2011-02-14,86.1138
2011-02-15,86.41532099999999
2011-02-16,87.338135
2011-02-17,87.593987
2011-02-18,87.53001400000001
2011-02-22,84.112892
2011-02-23,82.395172
2011-02-24,82.970787
2011-02-25,83.783951
2011-02-28,84.259056
2011-03-01,81.956604
2011-03-02,82.660133
2011-03-03,84.706757
2011-03-04,83.656052
2011-03-07,82.989059
2011-03-08,85.328056
2011-03-09,85.355446
2011-03-10,84.204277
2011-03-11,85.02651999999999
2011-03-14,83.555511
2011-03-15,83.235741
2011-03-16,81.956604
2011-03-17,83.208336
2011-03-18,83.774796
2011-03-21,85.611313
2011-03-22,84.432663
2011-03-23,84.41439799999999
2011-03-24,85.583893
2011-03-25,86.271904
2011-03-28,86.620018
2011-03-29,87.15139
2011-03-30,87.352928
2011-03-31,87.84764100000001
2011-04-01,89.020271
2011-04-04,89.157715
2011-04-05,88.635513
2011-04-06,88.672173
2011-04-07,88.16828199999999
2011-04-08,86.71165500000001
2011-04-11,86.555901
2011-04-12,86.94066600000001
2011-04-13,86.766624
2011-04-14,87.050598
2011-04-15,87.600288
2011-04-18,86.363518
2011-04-19,86.85818499999999
2011-04-20,87.224693
2011-04-21,87.67358399999999
2011-04-25,87.902603
2011-04-26,89.524147
2011-04-27,90.192932
2011-04-28,91.182365
2011-04-29,91.448036
2011-05-02,91.264809
2011-05-03,90.788437
2011-05-04,89.450859
2011-05-05,90.62350500000001
2011-05-06,90.925842
2011-05-09,90.843391
2011-05-10,91.933586
2011-05-11,90.6968
2011-05-12,90.70597099999999
2011-05-13,89.524147
2011-05-16,89.249321
2011-05-17,88.809586
2011-05-18,90.21126600000001
2011-05-19,91.200661
2011-05-20,90.605179
2011-05-23,89.56079100000001
2011-05-24,88.919525
2011-05-25,89.588295
2011-05-26,89.94558
2011-05-27,89.899773
2011-05-31,90.87088
2011-06-01,87.84764100000001
2011-06-02,88.278244
2011-06-03,86.766624
2011-06-06,85.667252
2011-06-07,85.65810400000001
2011-06-08,84.6595
2011-06-09,85.374107
2011-06-10,84.247261
2011-06-13,84.494629
2011-06-14,86.015404
2011-06-15,84.998474
2011-06-16,84.989296
2011-06-17,85.923767
2011-06-20,86.59255999999999
2011-06-21,88.259888
2011-06-22,88.05838
2011-06-23,88.186615
2011-06-24,86.803795
2011-06-27,87.53935200000001
2011-06-28,88.615082
2011-06-29,89.02883100000001
2011-06-30,90.06777199999999
2011-07-01,92.118126
2011-07-05,91.31819899999999
2011-07-06,92.32959
2011-07-07,93.230637
2011-07-08,92.191681
2011-07-11,90.453949
2011-07-12,89.47934000000001
2011-07-13,89.89308199999999
2011-07-14,88.826523
2011-07-15,88.734619
2011-07-18,87.723244
2011-07-19,88.661057
2011-07-20,88.504745
2011-07-21,89.94824200000001
2011-07-22,89.89308199999999
2011-07-25,89.62645
2011-07-26,88.440384
2011-07-27,86.224541
2011-07-28,85.930305
2011-07-29,85.783218
2011-08-01,84.918938
2011-08-02,81.884819
2011-08-03,82.243385
2011-08-04,78.078369
2011-08-05,77.719788
2011-08-08,72.377861
2011-08-09,75.568306
2011-08-10,72.515793
2011-08-11,75.60507199999999
2011-08-12,76.588875
2011-08-15,77.480728
2011-08-16,76.083199
2011-08-17,75.66024
2011-08-18,71.338898
2011-08-19,70.116074
2011-08-22,69.99652900000001
2011-08-23,72.322693
2011-08-24,73.426025
2011-08-25,72.046867
2011-08-26,73.88574200000001
2011-08-29,76.542908
2011-08-30,77.591034
2011-08-31,77.333611
2011-09-01,76.21191400000001
2011-09-02,73.75703399999999
2011-09-06,72.708839
2011-09-07,75.04422
2011-09-08,74.22592900000001
2011-09-09,72.54335
2011-09-12,72.341103
2011-09-13,74.887909
2011-09-14,76.34063
2011-09-15,77.379601
2011-09-16,77.443939
2011-09-19,76.083199
2011-09-20,75.09940300000001
2011-09-21,71.09985400000001
2011-09-22,68.94838
2011-09-23,70.078125
2011-09-26,71.697311
2011-09-27,72.83532
2011-09-28,70.735023
2011-09-29,72.16914399999999
2011-09-30,69.61545600000001
2011-10-03,66.987778
2011-10-04,69.967079
2011-10-05,71.83606
2011-10-06,73.307213
2011-10-07,72.307953
2011-10-10,75.028175
2011-10-11,75.574051
2011-10-12,76.564079
2011-10-13,76.055176
2011-10-14,77.739136
2011-10-17,75.675842
2011-10-18,77.896423
2011-10-19,76.86940799999999
2011-10-20,78.081467
2011-10-21,79.77467299999999
2011-10-24,81.12554200000001
2011-10-25,79.339813
2011-10-26,79.700653
2011-10-27,83.142563
2011-10-28,82.920517
2011-10-31,80.98674
2011-11-01,78.91420699999999
2011-11-02,79.820915
2011-11-03,81.486389
2011-11-04,81.097786
2011-11-07,81.134796
2011-11-08,82.10629300000001
2011-11-09,78.923439
2011-11-10,80.117012
2011-11-11,82.30986
2011-11-14,81.86573
2011-11-15,82.43013
2011-11-16,80.6259
2011-11-17,79.50634000000001
2011-11-18,79.86718
2011-11-21,78.06298100000001
2011-11-22,77.183998
2011-11-23,75.32423399999999
2011-11-25,74.796837
2011-11-28,77.58183299999999
2011-11-29,77.896423
2011-11-30,81.726936
2011-12-01,81.12554200000001
2011-12-02,81.810211
2011-12-05,83.114807
2011-12-06,82.420868
2011-12-07,82.476395
2011-12-08,80.459351
2011-12-09,81.939751
2011-12-12,81.227333
2011-12-13,79.959709
2011-12-14,78.886452
2011-12-15,80.015244
2011-12-16,81.292068
2011-12-19,79.469353
2011-12-20,82.124809
2011-12-21,82.615173
2011-12-22,83.256622
2011-12-23,83.665047
2011-12-27,83.711487
2011-12-28,82.356186
2011-12-29,83.41444399999999
2011-12-30,83.052391
2012-01-03,83.859985
2012-01-04,84.138458
2012-01-05,83.93425
2012-01-06,83.832153
2012-01-09,84.379807
2012-01-10,85.59585600000001
2012-01-11,85.957893
2012-01-12,86.236359
2012-01-13,85.623695
2012-01-17,85.456604
2012-01-18,86.319901
2012-01-19,87.740173
2012-01-20,87.331749
2012-01-23,86.70049300000001
2012-01-24,86.217804
2012-01-25,87.378128
2012-01-26,87.805161
2012-01-27,88.538452
2012-01-30,88.111465
2012-01-31,88.037201
2012-02-01,88.538452
2012-02-02,87.95366700000001
2012-02-03,88.946892
2012-02-06,88.362091
2012-02-07,88.15789000000001
2012-02-08,87.77730600000001
2012-02-09,88.009354
2012-02-10,87.034676
2012-02-13,88.24143199999999
2012-02-14,87.470955
2012-02-15,85.762947
2012-02-16,87.415276
2012-02-17,86.821175
2012-02-21,85.549446
2012-02-22,84.890343
2012-02-23,85.59585600000001
2012-02-24,85.076035
2012-02-27,85.772217
2012-02-28,85.64228100000001
2012-02-29,85.335938
2012-03-01,86.477707
2012-03-02,85.549446
2012-03-05,84.955338
2012-03-06,83.674324
2012-03-07,84.157051
2012-03-08,85.382362
2012-03-09,85.59585600000001
2012-03-12,85.317398
2012-03-13,87.081085
2012-03-14,85.883606
2012-03-15,88.742683
2012-03-16,88.649879
2012-03-19,88.854088
2012-03-20,87.619476
2012-03-21,88.389946
2012-03-22,86.468437
2012-03-23,86.505577
2012-03-26,87.688515
2012-03-27,87.49323299999999
2012-03-28,87.232803
2012-03-29,87.22350300000001
2012-03-30,87.13050799999999
2012-04-02,87.958199
2012-04-03,87.697823
2012-04-04,87.44671600000001
2012-04-05,87.567619
2012-04-09,86.042412
2012-04-10,84.340553
2012-04-11,85.103165
2012-04-12,87.009621
2012-04-13,86.051743
2012-04-16,86.730637
2012-04-17,88.03263100000001
2012-04-18,87.874504
2012-04-19,86.628326
2012-04-20,86.823616
2012-04-23,85.99593399999999
2012-04-24,86.88871
2012-04-25,87.67920699999999
2012-04-26,86.767815
2012-04-27,87.27002
2012-04-30,86.674805
2012-05-01,87.558319
2012-05-02,88.44180300000001
2012-05-03,87.641991
2012-05-04,86.646935
2012-05-07,86.98172
2012-05-08,86.860817
2012-05-09,85.605339
2012-05-10,85.33564799999999
2012-05-11,85.484421
2012-05-14,84.83345
2012-05-15,84.898544
2012-05-16,84.81485
2012-05-17,82.182983
2012-05-18,81.160004
2012-05-21,83.31755799999999
2012-05-22,83.34545899999999
2012-05-23,84.321945
2012-05-24,85.038063
2012-05-25,84.656746
2012-05-29,85.819221
2012-05-30,84.024361
2012-05-31,84.852036
2012-06-01,82.15508299999999
2012-06-04,80.825195
2012-06-05,81.31809200000001
2012-06-06,83.754639
2012-06-07,83.596558
2012-06-08,84.573051
2012-06-11,83.336166
2012-06-12,84.070862
2012-06-13,83.726753
2012-06-14,84.56373599999999
2012-06-15,85.038063
2012-06-18,86.674805
2012-06-19,87.737953
2012-06-20,87.457916
2012-06-21,85.72183199999999
2012-06-22,85.040459
2012-06-25,83.416389
2012-06-26,83.705711
2012-06-27,84.163078
2012-06-28,84.732445
2012-06-29,87.112579
2012-07-02,87.019234
2012-07-03,87.569908
2012-07-05,87.765953
2012-07-06,86.98191800000001
2012-07-09,86.608559
2012-07-10,85.46048
2012-07-11,85.292503
2012-07-12,84.891129
2012-07-13,86.739204
2012-07-16,86.123192
2012-07-17,85.563156
2012-07-18,85.9645
2012-07-19,86.58988199999999
2012-07-20,84.639114
2012-07-23,83.57505
2012-07-24,82.669655
2012-07-25,82.18431899999999
2012-07-26,83.379044
2012-07-27,85.46048
2012-07-30,85.19914200000001
2012-07-31,84.81645999999999
2012-08-01,83.080376
2012-08-02,82.959023
2012-08-03,84.78842900000001
2012-08-06,84.71378299999999
2012-08-07,84.81645999999999
2012-08-08,84.508423
2012-08-09,84.153748
2012-08-10,84.32178499999999
2012-08-13,84.405762
2012-08-14,84.751122
2012-08-15,85.72183199999999
2012-08-16,86.225868
2012-08-17,86.58988199999999
2012-08-20,86.580551
2012-08-21,86.66454300000001
2012-08-22,86.207199
2012-08-23,85.255127
2012-08-24,85.245819
2012-08-27,84.405762
2012-08-28,84.209785
2012-08-29,84.06041
2012-08-30,83.155029
2012-08-31,83.369713
2012-09-04,83.360382
2012-09-05,82.49233199999999
2012-09-06,84.06041
2012-09-07,84.67645999999999
2012-09-10,85.049789
2012-09-11,85.656494
2012-09-12,86.337845
2012-09-13,86.767235
2012-09-14,87.037903
2012-09-17,85.69384000000001
2012-09-18,84.797783
2012-09-19,85.152473
2012-09-20,82.75370799999999
2012-09-21,81.838959
2012-09-24,82.651009
2012-09-25,81.85345500000001
2012-09-26,81.83473199999999
2012-09-27,82.28405
2012-09-28,81.525787
2012-10-01,81.49771899999999
2012-10-02,81.722397
2012-10-03,82.714676
2012-10-04,83.501007
2012-10-05,83.997124
2012-10-08,84.174995
2012-10-09,83.2108
2012-10-10,83.220169
2012-10-11,83.126564
2012-10-12,83.79118299999999
2012-10-15,84.128189
2012-10-16,84.961334
2012-10-17,85.504265
2012-10-18,85.579163
2012-10-19,84.24051700000001
2012-10-22,83.894173
2012-10-23,84.661781
2012-10-24,82.976776
2012-10-25,83.435463
2012-10-26,83.622688
2012-10-31,84.249863
2012-11-01,85.53235600000001
2012-11-02,84.680489
2012-11-05,84.848991
2012-11-06,86.34676400000001
2012-11-07,84.614975
2012-11-08,84.03456899999999
2012-11-09,83.463531
2012-11-12,84.100105
2012-11-13,84.006477
2012-11-14,81.78791
2012-11-15,81.675575
2012-11-16,81.254341
2012-11-19,82.72402199999999
2012-11-20,82.798912
2012-11-21,83.04229699999999
2012-11-23,83.931602
2012-11-26,84.502617
2012-11-27,84.446472
2012-11-28,85.167274
2012-11-29,85.654053
2012-11-30,85.185989
2012-12-03,84.306053
2012-12-04,84.568169
2012-12-05,85.279602
2012-12-06,85.270241
2012-12-07,85.522995
2012-12-10,86.44036899999999
2012-12-11,86.590141
2012-12-12,86.37484
2012-12-13,86.758652
2012-12-14,86.786751
2012-12-17,87.423317
2012-12-18,88.77127800000001
2012-12-19,89.043533
2012-12-20,89.66323100000001
2012-12-21,89.390945
2012-12-24,88.930916
2012-12-26,88.35818499999999
2012-12-27,87.96386
2012-12-28,87.156418
2012-12-31,88.583511
2013-01-02,90.74297299999999
2013-01-03,91.409538
2013-01-04,92.536209
2013-01-07,92.207603
2013-01-08,91.888359
2013-01-09,92.79908
2013-01-10,93.324867
2013-01-11,93.30606800000001
2013-01-14,93.78492
2013-01-15,94.432762
2013-01-16,94.470314
2013-01-17,95.052414
2013-01-18,95.19323
2013-01-22,96.23539
2013-01-23,96.254173
2013-01-24,97.765778
2013-01-25,98.000496
2013-01-28,98.075615
2013-01-29,97.95356
2013-01-30,96.507683
2013-01-31,96.751785
2013-02-01,97.577995
2013-02-04,96.901993
2013-02-05,98.019287
2013-02-06,97.934784
2013-02-07,98.244614
2013-02-08,98.695267
2013-02-11,98.601357
2013-02-12,98.610771
2013-02-13,99.04265600000001
2013-02-14,99.27739
2013-02-15,99.305534
2013-02-19,100.5355
2013-02-20,98.80793800000001
2013-02-21,98.103775
2013-02-22,99.25859799999999
2013-02-25,97.071014
2013-02-26,97.25876600000001
2013-02-27,100.12236800000001
2013-02-28,100.150536
2013-03-01,100.000336
2013-03-04,101.183327
2013-03-05,102.71369200000001
2013-03-06,102.319374
2013-03-07,101.849907
2013-03-08,102.95779399999999
2013-03-11,103.079849
2013-03-12,102.769997
2013-03-13,104.347321
2013-03-14,105.136009
2013-03-15,105.023338
2013-03-18,104.72287800000001
2013-03-19,104.506943
2013-03-20,104.206512
2013-03-21,102.554077
2013-03-22,103.652557
2013-03-25,102.82253299999999
2013-03-26,103.613037
2013-03-27,103.763634
2013-03-28,104.74234799999999
2013-04-01,103.208382
2013-04-02,101.768532
2013-04-03,100.319252
2013-04-04,100.563942
2013-04-05,101.015671
2013-04-08,101.956734
2013-04-09,101.599159
2013-04-10,103.405991
2013-04-11,103.114281
2013-04-12,102.88842
2013-04-15,98.832329
2013-04-16,101.15682199999999
2013-04-17,99.632271
2013-04-18,99.55699200000001
2013-04-19,101.109756
2013-04-22,101.232117
2013-04-23,101.66499300000001
2013-04-24,102.295525
2013-04-25,102.408455
2013-04-26,102.427261
2013-04-29,103.029579
2013-04-30,103.547173
2013-05-01,101.175667
2013-05-02,102.248482
2013-05-03,104.441223
2013-05-06,105.862228
2013-05-07,107.55618999999999
2013-05-08,107.866745
2013-05-09,106.67156999999999
2013-05-10,107.26445
2013-05-13,106.71862800000001
2013-05-14,108.69487
2013-05-15,109.50421899999999
2013-05-16,108.723129
2013-05-17,110.031227
2013-05-20,109.29718000000001
2013-05-21,109.363068
2013-05-22,107.725555
2013-05-23,107.85733799999998
2013-05-24,107.480896
2013-05-28,107.480896
2013-05-29,106.40805800000001
2013-05-30,106.73744199999999
2013-05-31,105.777534
2013-06-03,105.72105400000001
2013-06-04,105.194069
2013-06-05,103.274239
2013-06-06,104.234154
2013-06-07,106.812752
2013-06-10,106.530373
2013-06-11,105.38229399999999
2013-06-12,104.74234799999999
2013-06-13,106.74684099999999
2013-06-14,106.13515500000001
2013-06-17,105.87164299999999
2013-06-18,106.878601
2013-06-19,105.570503
2013-06-20,103.349548
2013-06-21,102.728439
2013-06-24,100.705093
2013-06-25,102.577873
2013-06-26,103.28936800000001
2013-06-27,104.214111
2013-06-28,103.695099
2013-07-01,104.97843200000001
2013-07-02,104.327324
2013-07-03,103.968758
2013-07-05,105.61066399999999
2013-07-08,105.68614199999999
2013-07-09,108.205643
2013-07-10,107.356361
2013-07-11,108.819
2013-07-12,108.309448
2013-07-15,108.828423
2013-07-16,108.00747700000001
2013-07-17,108.979401
2013-07-18,110.828911
2013-07-19,110.86666100000001
2013-07-22,110.781746
2013-07-23,109.753204
2013-07-24,108.488739
2013-07-25,108.535896
2013-07-26,109.18703500000001
2013-07-29,107.875374
2013-07-30,108.1679
2013-07-31,108.941681
2013-08-01,112.480278
2013-08-02,112.23494
2013-08-05,111.357353
2013-08-06,109.932465
2013-08-07,109.102074
2013-08-08,109.894722
2013-08-09,109.22476999999999
2013-08-12,109.43235
2013-08-13,108.69634199999999
2013-08-14,107.781006
2013-08-15,106.799637
2013-08-16,107.57341000000001
2013-08-19,106.620354
2013-08-20,107.70552099999999
2013-08-21,107.05442
2013-08-22,109.243622
2013-08-23,109.30023999999999
2013-08-26,109.31913
2013-08-27,106.33726499999999
2013-08-28,106.261757
2013-08-29,106.57316599999999
2013-08-30,105.36534099999999
2013-09-03,105.771072
2013-09-04,107.186523
2013-09-05,107.71494299999999
2013-09-06,107.46019
2013-09-09,109.14926899999999
2013-09-10,111.489479
2013-09-11,111.442276
2013-09-12,110.149506
2013-09-13,110.31936599999999
2013-09-16,111.43283100000001
2013-09-17,111.593254
2013-09-18,113.28235600000001
2013-09-19,113.60318799999999
2013-09-20,113.09362800000001
2013-09-23,112.41421499999998
2013-09-24,112.521126
2013-09-25,111.83052099999999
2013-09-26,112.275154
2013-09-27,111.51834099999999
2013-09-30,111.28182199999999
2013-10-01,112.814392
2013-10-02,112.322456
2013-10-03,111.196671
2013-10-04,111.783203
2013-10-07,110.572304
2013-10-08,108.954559
2013-10-09,109.304604
2013-10-10,111.839996
2013-10-11,112.435974
2013-10-14,112.473824
2013-10-15,112.30353500000001
2013-10-16,113.826637
2013-10-17,114.04423500000001
2013-10-18,115.415985
2013-10-21,115.813332
2013-10-22,116.787727
2013-10-23,117.60131799999999
2013-10-24,118.85006000000001
2013-10-25,118.46219599999999
2013-10-28,119.01089499999999
2013-10-29,119.228485
2013-10-30,118.509529
2013-10-31,117.913521
2013-11-01,119.12442
2013-11-04,120.609703
2013-11-05,119.90018500000001
2013-11-06,119.067673
2013-11-07,117.118858
2013-11-08,118.57571399999999
2013-11-11,119.152809
2013-11-12,120.042084
2013-11-13,120.666458
2013-11-14,121.09218600000001
2013-11-15,121.93414299999999
2013-11-18,121.584129
2013-11-19,120.486717
2013-11-20,120.089386
2013-11-21,121.375992
2013-11-22,121.915222
2013-11-25,122.23688500000002
2013-11-26,122.066589
2013-11-27,122.927475
2013-11-29,122.605843
2013-12-02,122.795029
2013-12-03,121.584129
2013-12-04,121.04486100000001
2013-12-05,121.063797
2013-12-06,121.820625
2013-12-09,122.26525900000001
2013-12-10,121.44221499999999
2013-12-11,119.483925
2013-12-12,119.673149
2013-12-13,120.12724299999999
2013-12-16,121.063797
2013-12-17,120.42997700000001
2013-12-18,121.83008600000001
2013-12-19,121.87737299999999
2013-12-20,123.116676
2013-12-23,123.68078600000001
2013-12-24,124.126427
2013-12-26,124.50563000000001
2013-12-27,124.297081
2013-12-30,124.297081
2013-12-31,125.05555700000001
2014-01-02,123.330009
2014-01-03,124.126427
2014-01-06,122.514648
2014-01-07,123.3395
2014-01-08,123.889404
2014-01-09,125.254654
2014-01-10,126.82852199999999
2014-01-13,125.074524
2014-01-14,126.743179
2014-01-15,127.397377
2014-01-16,126.50617199999999
2014-01-17,125.984726
2014-01-21,126.69580800000001
2014-01-22,128.146393
2014-01-23,128.506699
2014-01-24,123.292061
2014-01-27,122.12591599999999
2014-01-28,123.557549
2014-01-29,121.86991100000002
2014-01-30,123.974724
2014-01-31,123.64288300000001
2014-02-03,119.679802
2014-02-04,121.035599
2014-02-05,120.172798
2014-02-06,121.926804
2014-02-07,122.83698999999999
2014-02-10,121.737175
2014-02-11,123.21623999999998
2014-02-12,123.28260800000001
2014-02-13,123.72820300000001
2014-02-14,124.173813
2014-02-18,122.865425
2014-02-19,121.32950600000001
2014-02-20,123.19726599999998
2014-02-21,124.287575
2014-02-24,124.83750900000001
2014-02-25,123.98421499999999
2014-02-26,123.785095
2014-02-27,124.47721100000001
2014-02-28,124.90387
2014-03-03,124.20225500000001
2014-03-04,126.96123500000002
2014-03-05,127.302582
2014-03-06,128.648926
2014-03-07,129.265121
2014-03-10,129.047104
2014-03-11,128.648926
2014-03-12,128.990219
2014-03-13,127.340477
2014-03-14,127.16037
2014-03-17,128.28862
2014-03-18,128.942856
2014-03-19,128.317047
2014-03-20,128.13691699999998
2014-03-21,127.710297
2014-03-24,127.605965
2014-03-25,128.358871
2014-03-26,126.324593
2014-03-27,125.95383500000001
2014-03-28,126.60977199999999
2014-03-31,128.758102
2014-04-01,129.90833999999998
2014-04-02,130.773376
2014-04-03,130.516708
2014-04-04,128.729599
2014-04-07,126.942467
2014-04-08,126.90441100000001
2014-04-09,128.95773300000002
2014-04-10,126.16298700000002
2014-04-11,125.050758
2014-04-14,125.792274
2014-04-15,126.942467
2014-04-16,129.071823
2014-04-17,129.775223
2014-04-21,130.640274
2014-04-22,131.486298
2014-04-23,131.628876
2014-04-24,131.058517
2014-04-25,128.89119
2014-04-28,128.89119
2014-04-29,129.480545
2014-04-30,130.402618
2014-05-01,131.286682
2014-05-02,130.830368
2014-05-05,130.554733
2014-05-06,130.174484
2014-05-07,130.991974
2014-05-08,131.058517
2014-05-09,131.343704
2014-05-12,133.79628
2014-05-13,134.414108
2014-05-14,133.282974
2014-05-15,132.541473
2014-05-16,133.606125
2014-05-19,134.68983500000002
2014-05-20,133.406509
2014-05-21,134.27153
2014-05-22,134.917908
2014-05-23,136.020645
2014-05-27,136.581467
2014-05-28,137.56059299999998
2014-05-29,138.169006
2014-05-30,138.130951
2014-06-02,138.900925
2014-06-03,137.74118
2014-06-04,137.826782
2014-06-05,138.891434
2014-06-06,140.146255
2014-06-09,140.155746
2014-06-10,139.918091
2014-06-11,138.900925
2014-06-12,136.172729
2014-06-13,137.256439
2014-06-16,137.009262
2014-06-17,137.627136
2014-06-18,139.67091399999998
2014-06-19,139.79449499999998
2014-06-20,140.04170200000002
2014-06-23,139.33824199999998
2014-06-24,138.02597
2014-06-25,139.39726299999998
2014-06-26,139.216324
2014-06-27,139.63536100000002
2014-06-30,139.997177
2014-07-01,141.101868
2014-07-02,140.587646
2014-07-03,141.606598
2014-07-07,140.121017
2014-07-08,139.96861299999998
2014-07-09,140.70192
2014-07-10,140.444778
2014-07-11,140.8638
2014-07-14,141.83514399999999
2014-07-15,142.34939599999998
2014-07-16,143.196915
2014-07-17,141.05426
2014-07-18,142.930283
2014-07-21,142.482697
2014-07-22,144.01593
2014-07-23,144.387314
2014-07-24,144.17781100000002
2014-07-25,143.57785
2014-07-28,141.96846000000002
2014-07-29,140.10195900000002
2014-07-30,141.178085
2014-07-31,138.873505
2014-08-01,138.53067
2014-08-04,138.99733
2014-08-05,137.37837199999998
2014-08-06,136.549881
2014-08-07,136.27375800000002
2014-08-08,138.016434
2014-08-11,139.11158799999998
2014-08-12,139.016327
2014-08-13,139.97818
2014-08-14,141.139969
2014-08-15,141.07333400000002
2014-08-18,143.44451899999999
2014-08-19,143.615936
2014-08-20,144.368256
2014-08-21,143.768341
2014-08-22,143.882584
2014-08-25,144.387314
2014-08-26,143.82547
2014-08-27,143.968277
2014-08-28,143.539749
2014-08-29,143.60638400000002
2014-09-02,145.48246799999998
2014-09-03,145.04440300000002
2014-09-04,146.082382
2014-09-05,146.92044099999998
2014-09-08,146.37763999999999
2014-09-09,145.472916
2014-09-10,145.606247
2014-09-11,146.196655
2014-09-12,146.187149
2014-09-15,145.672913
2014-09-16,146.406204
2014-09-17,147.672729
2014-09-18,148.167908
2014-09-19,147.42511000000002
2014-09-22,145.282455
2014-09-23,143.996872
2014-09-24,145.08824199999998
2014-09-25,143.056198
2014-09-26,144.697113
2014-09-29,144.84024
2014-09-30,143.962509
2014-10-01,140.30864
2014-10-02,141.443893
2014-10-03,144.439529
2014-10-06,142.75087
2014-10-07,139.192368
2014-10-08,140.327652
2014-10-09,137.103073
2014-10-10,134.422256
2014-10-13,131.722366
2014-10-14,135.34761
2014-10-15,135.700638
2014-10-16,137.160324
2014-10-17,139.17334
2014-10-20,140.518463
2014-10-21,144.926117
2014-10-22,142.19757099999998
2014-10-23,144.94516000000002
2014-10-24,146.385742
2014-10-27,147.387466
2014-10-28,149.667603
2014-10-29,148.99025
2014-10-30,147.397018
2014-10-31,149.49585
2014-11-03,149.772552
2014-11-04,150.297256
2014-11-05,150.974594
2014-11-06,153.006668
2014-11-07,152.949448
2014-11-10,155.000595
2014-11-11,154.82888799999998
2014-11-12,155.401291
2014-11-13,155.210495
2014-11-14,155.07695
2014-11-17,154.27555800000002
2014-11-18,154.762115
2014-11-19,154.246933
2014-11-20,154.981506
2014-11-21,155.687485
2014-11-24,156.927719
2014-11-25,157.614609
2014-11-26,157.500122
2014-11-28,157.72911100000002
2014-12-01,153.416901
2014-12-02,155.229568
2014-12-03,156.517502
2014-12-04,156.393448
2014-12-05,157.004074
2014-12-08,154.933777
2014-12-09,153.86531100000002
2014-12-10,151.947708
2014-12-11,153.235626
2014-12-12,151.795044
2014-12-15,151.871384
2014-12-16,149.90611299999998
2014-12-17,151.050903
2014-12-18,153.340607
2014-12-19,154.046555
2014-12-22,155.668396
2014-12-23,156.841858
2014-12-24,157.393173
2014-12-26,157.69894399999998
2014-12-29,158.062073
2014-12-30,157.74675
2014-12-31,156.77211
2015-01-02,156.065002
2015-01-05,151.946762
2015-01-06,149.3573
2015-01-07,150.465668
2015-01-08,153.580673
2015-01-09,151.870285
2015-01-12,151.010345
2015-01-13,150.303253
2015-01-14,149.061035
2015-01-15,148.516418
2015-01-16,150.21726999999998
2015-01-20,151.717392
2015-01-21,152.376709
2015-01-22,156.74340800000002
2015-01-23,154.02018700000002
2015-01-26,155.090393
2015-01-27,153.12205500000002
2015-01-28,150.96257
2015-01-29,151.937195
2015-01-30,148.315811
2015-02-02,150.465668
2015-02-03,152.663391
2015-02-04,152.39584399999998
2015-02-05,153.78131100000002
2015-02-06,153.208008
2015-02-09,151.688751
2015-02-10,152.95961
2015-02-11,153.418243
2015-02-12,154.60308799999999
2015-02-13,155.01396200000002
2015-02-17,155.166824
2015-02-18,155.721039
2015-02-19,155.826126
2015-02-20,156.714752
2015-02-23,156.925003
2015-02-24,157.593857
2015-02-25,156.86769099999998
2015-02-26,156.09368899999998
2015-02-27,155.061722
2015-03-02,156.31346100000002
2015-03-03,155.615952
2015-03-04,155.042633
2015-03-05,154.708176
2015-03-06,153.112473
2015-03-09,153.456451
2015-03-10,151.268311
2015-03-11,153.016907
2015-03-12,154.765533
2015-03-13,153.809967
2015-03-16,156.275253
2015-03-17,156.17012
2015-03-18,156.676575
2015-03-19,156.733902
2015-03-20,157.039703
2015-03-23,154.173096
2015-03-24,153.102921
2015-03-25,150.015228
2015-03-26,149.104782
2015-03-27,149.497696
2015-03-30,150.896866
2015-03-31,150.091873
2015-04-01,148.96108999999998
2015-04-02,147.830231
2015-04-06,147.159409
2015-04-07,147.71524
2015-04-08,148.81729099999998
2015-04-09,149.507278
2015-04-10,150.561462
2015-04-13,149.411453
2015-04-14,149.258148
2015-04-15,149.306076
2015-04-16,149.373154
2015-04-17,148.347748
2015-04-20,150.887268
2015-04-21,151.193939
2015-04-22,152.046844
2015-04-23,152.76561
2015-04-24,152.372696
2015-04-27,151.040619
2015-04-28,151.213074
2015-04-29,149.373154
2015-04-30,147.56192
2015-05-01,149.996078
2015-05-04,150.187714
2015-05-05,147.696075
2015-05-06,148.069824
2015-05-07,149.708542
2015-05-08,150.542282
2015-05-11,150.341049
2015-05-12,148.616058
2015-05-13,147.025238
2015-05-14,147.80148300000002
2015-05-15,149.162323
2015-05-18,150.187714
2015-05-19,149.13356000000002
2015-05-20,146.172348
2015-05-21,147.025238
2015-05-22,145.85611
2015-05-26,143.613663
2015-05-27,145.34819
2015-05-28,143.987396
2015-05-29,142.923645
2015-06-01,144.47612
2015-06-02,144.648651
2015-06-03,146.641907
2015-06-04,145.33863799999997
2015-06-05,146.61319
2015-06-08,143.517792
2015-06-09,143.009903
2015-06-10,144.054489
2015-06-11,145.578201
2015-06-12,144.974457
2015-06-15,144.265305
2015-06-16,143.81488000000002
2015-06-17,143.268646
2015-06-18,145.434448
2015-06-19,144.830673
2015-06-22,145.99986299999998
2015-06-23,145.741104
2015-06-24,143.10751299999998
2015-06-25,141.886826
2015-06-26,141.90606699999998
2015-06-29,139.166733
2015-06-30,139.34936499999998
2015-07-01,139.608871
2015-07-02,139.849167
2015-07-06,139.06101999999998
2015-07-07,140.819946
2015-07-08,137.792297
2015-07-09,138.53239399999998
2015-07-10,141.165985
2015-07-13,142.636551
2015-07-14,142.55964699999998
2015-07-15,141.550415
2015-07-16,141.713852
2015-07-17,142.703827
2015-07-20,142.24250800000002
2015-07-21,143.328583
2015-07-22,142.867249
2015-07-23,139.878006
2015-07-24,139.012939
2015-07-27,138.801544
2015-07-28,142.617325
2015-07-29,145.039474
2015-07-30,145.039474
2015-07-31,144.693451
2015-08-03,145.02023300000002
2015-08-04,145.289368
2015-08-05,145.462357
2015-08-06,144.366623
2015-08-07,142.30015600000002
2015-08-10,144.424301
2015-08-11,143.52079799999998
2015-08-12,142.819168
2015-08-13,142.67498799999998
2015-08-14,143.65538
2015-08-17,144.71263100000002
2015-08-18,144.347427
2015-08-19,143.328583
2015-08-20,139.801132
2015-08-21,136.033386
2015-08-24,131.150681
2015-08-25,128.930374
2015-08-26,132.592407
2015-08-27,135.966125
2015-08-28,136.677338
2015-08-31,135.639252
2015-09-01,132.659683
2015-09-02,135.87960800000002
2015-09-03,136.033386
2015-09-04,134.649292
2015-09-08,138.445862
2015-09-09,137.4655
2015-09-10,138.936081
2015-09-11,139.330185
2015-09-14,138.666946
2015-09-15,141.28131100000002
2015-09-16,141.5793
2015-09-17,142.213654
2015-09-18,139.032181
2015-09-21,140.118317
2015-09-22,136.686951
2015-09-23,136.042969
2015-09-24,134.745407
2015-09-25,135.858383
2015-09-28,132.900116
2015-09-29,133.285553
2015-09-30,134.817703
2015-10-01,135.69458
2015-10-02,136.33053600000002
2015-10-05,139.433334
2015-10-06,137.997559
2015-10-07,139.92477399999999
2015-10-08,141.85201999999998
2015-10-09,142.96014399999999
2015-10-12,143.095016
2015-10-13,140.01152
2015-10-14,140.13673400000002
2015-10-15,142.131424
2015-10-16,139.972961
2015-10-19,140.358383
2015-10-20,141.235291
2015-10-21,140.551147
2015-10-22,142.66142299999998
2015-10-23,143.721344
2015-10-26,143.42263799999998
2015-10-27,139.626053
2015-10-28,139.71276899999998
2015-10-29,140.888382
2015-10-30,140.76310700000002
2015-11-02,142.82518000000002
2015-11-03,142.09291100000002
2015-11-04,141.293106
2015-11-05,141.803802
2015-11-06,142.87338300000002
2015-11-09,142.49758899999998
2015-11-10,142.52652
2015-11-11,141.88089
2015-11-12,139.818802
2015-11-13,138.961182
2015-11-16,139.645325
2015-11-17,139.674225
2015-11-18,141.967621
2015-11-19,143.441925
2015-11-20,144.02973899999998
2015-11-23,142.671051
2015-11-24,141.736343
2015-11-25,141.774902
2015-11-27,142.52652
2015-11-30,140.58003200000002
2015-12-01,142.26634199999998
2015-12-02,139.26951599999998
2015-12-03,136.821976
2015-12-04,137.881927
2015-12-07,136.69671599999998
2015-12-08,132.87117
2015-12-09,132.244843
2015-12-10,133.073578
2015-12-11,130.50071699999998
2015-12-14,129.95146200000002
2015-12-15,130.982544
2015-12-16,133.324066
2015-12-17,130.712738
2015-12-18,127.54246499999999
2015-12-21,128.554276
2015-12-22,130.51036100000002
2015-12-23,131.99430800000002
2015-12-24,132.189636
2015-12-28,131.242188
2015-12-29,132.170288
2015-12-30,130.75874299999998
2015-12-31,130.256027
2016-01-04,127.578018
2016-01-05,127.732681
2016-01-06,125.190048
2016-01-07,121.33254199999999
2016-01-08,120.443092
2016-01-11,119.998352
2016-01-12,121.071518
2016-01-13,116.653267
2016-01-14,117.948753
2016-01-15,116.01516699999999
2016-01-19,115.483429
2016-01-20,114.961357
2016-01-21,115.995842
2016-01-22,117.47501399999999
2016-01-25,115.319092
2016-01-26,118.06478899999999
2016-01-27,117.107643
2016-01-28,116.15053600000002
2016-01-29,119.659966
2016-02-01,120.75246399999999
2016-02-02,117.272003
2016-02-03,118.519157
2016-02-04,122.21231100000001
2016-02-05,120.41408500000001
2016-02-08,120.0467
2016-02-09,121.255196
2016-02-10,121.090828
2016-02-11,119.331268
2016-02-12,122.183311
2016-02-16,125.04501299999998
2016-02-17,126.988274
2016-02-18,126.379173
2016-02-19,126.47589099999999
2016-02-22,128.96051
2016-02-23,127.394325
2016-02-24,126.649902
2016-02-25,128.090408
2016-02-26,128.670486
2016-02-29,127.58766899999999
2016-03-01,130.333359
2016-03-02,130.662094
2016-03-03,132.073624
2016-03-04,132.96305800000002
2016-03-07,133.494797
2016-03-08,129.927322
2016-03-09,130.729782
2016-03-10,130.65242
2016-03-11,133.562485
2016-03-14,133.630142
2016-03-15,132.818039
2016-03-16,134.22958400000002
2016-03-17,138.290085
2016-03-18,140.20431499999998
2016-03-21,140.281693
2016-03-22,139.237549
2016-03-23,138.267426
2016-03-24,137.676254
2016-03-28,136.484222
2016-03-29,138.073608
2016-03-30,138.335266
2016-03-31,138.015457
2016-04-01,137.02693200000002
2016-04-04,135.75735500000002
2016-04-05,134.98203999999998
2016-04-06,134.642822
2016-04-07,132.908066
2016-04-08,134.37146
2016-04-11,133.741531
2016-04-12,134.720383
2016-04-13,138.24804699999999
2016-04-14,138.645386
2016-04-15,138.529099
2016-04-18,139.003983
2016-04-19,140.75813300000002
2016-04-20,140.913193
2016-04-21,139.14936799999998
2016-04-22,140.48678600000002
2016-04-25,138.79078700000002
2016-04-26,140.341385
2016-04-27,140.632156
2016-04-28,138.42248500000002
2016-04-29,136.71684299999998
2016-05-02,137.734421
2016-05-03,136.009354
2016-05-04,134.81729099999998
2016-05-05,133.276352
2016-05-06,134.41992199999999
2016-05-09,134.46838400000001
2016-05-10,136.222534
2016-05-11,133.954758
2016-05-12,132.08432
2016-05-13,130.407715
2016-05-16,131.502792
2016-05-17,132.27813700000002
2016-05-18,132.733627
2016-05-19,131.85171499999998
2016-05-20,133.54771399999998
2016-05-23,133.02436799999998
2016-05-24,133.59616100000002
2016-05-25,134.691269
2016-05-26,134.410248
2016-05-27,135.330963
2016-05-31,135.60228
2016-06-01,135.389069
2016-06-02,135.185577
2016-06-03,134.701004
2016-06-06,135.466599
2016-06-07,136.97843899999998
2016-06-08,137.753799
2016-06-09,137.49211100000002
2016-06-10,135.350311
2016-06-13,133.760941
2016-06-14,131.793579
2016-06-15,132.18121299999999
2016-06-16,131.619125
2016-06-17,132.404129
2016-06-20,133.89660600000002
2016-06-21,133.483307
2016-06-22,132.627502
2016-06-23,133.862549
2016-06-24,127.56086699999999
2016-06-27,123.651474
2016-06-28,126.364723
2016-06-29,129.194641
2016-06-30,130.449127
2016-07-01,131.742523
2016-07-05,129.982346
2016-07-06,129.972626
2016-07-07,130.575577
2016-07-08,133.930634
2016-07-11,134.543335
2016-07-12,137.548294
2016-07-13,138.442993
2016-07-14,139.960052
2016-07-15,139.415482
2016-07-18,139.230698
2016-07-19,139.065369
2016-07-20,139.026474
2016-07-21,137.13012700000002
2016-07-22,138.987579
2016-07-25,137.694153
2016-07-26,139.182083
2016-07-27,137.266266
2016-07-28,137.256531
2016-07-29,136.89671299999998
2016-08-01,136.33268700000002
2016-08-02,133.483307
2016-08-03,134.621078
2016-08-04,134.835037
2016-08-05,137.47048999999998
2016-08-08,137.42186
2016-08-09,136.877304
2016-08-10,136.322983
2016-08-11,137.081528
2016-08-12,136.468826
2016-08-15,137.256531
2016-08-16,137.27598600000002
2016-08-17,137.781708
2016-08-18,138.579102
2016-08-19,138.617996
2016-08-22,138.01509099999998
2016-08-23,138.501328
2016-08-24,138.355453
2016-08-25,137.480225
2016-08-26,136.77027900000002
2016-08-29,137.480225
2016-08-30,138.34570300000001
2016-08-31,137.733078
2016-09-01,138.520767
2016-09-02,139.065369
2016-09-06,139.14314299999998
2016-09-07,141.05896
2016-09-08,141.506302
2016-09-09,136.993973
2016-09-12,138.890305
2016-09-13,136.177078
2016-09-14,135.94366499999998
2016-09-15,136.70224
2016-09-16,136.138184
2016-09-19,136.604965
2016-09-20,136.63414
2016-09-21,139.055634
2016-09-22,139.61969
2016-09-23,139.20150800000002
2016-09-26,138.748123
2016-09-27,139.879166
2016-09-28,140.288696
2016-09-29,139.937668
2016-09-30,141.614731
2016-10-03,141.975494
2016-10-04,141.565994
2016-10-05,142.531265
2016-10-06,142.365509
2016-10-07,141.127197
2016-10-10,142.64828500000002
2016-10-11,141.682983
2016-10-12,141.156448
2016-10-13,141.214981
2016-10-14,140.902939
2016-10-17,140.415421
2016-10-18,140.366669
2016-10-19,141.380707
2016-10-20,140.80548100000001
2016-10-21,140.668945
2016-10-24,141.166199
2016-10-25,140.503204
2016-10-26,139.57692
2016-10-27,140.464172
2016-10-28,140.43493700000002
2016-10-31,141.234497
2016-11-01,140.327682
2016-11-02,140.766449
2016-11-03,141.370972
2016-11-04,141.741486
2016-11-07,146.16816699999998
2016-11-08,146.002396
2016-11-09,147.31868
2016-11-10,150.146347
2016-11-11,150.50708
2016-11-14,153.841721
2016-11-15,154.80699199999998
2016-11-16,153.51994299999998
2016-11-17,154.33900500000001
2016-11-18,155.56753500000002
2016-11-21,156.211075
2016-11-22,156.357315
2016-11-23,158.102661
2016-11-25,158.68768300000002
2016-11-28,157.53717
2016-11-29,157.127609
2016-11-30,157.858887
2016-12-01,158.736435
2016-12-02,158.931427
2016-12-05,159.39946
2016-12-06,160.628006
2016-12-07,164.625656
2016-12-08,165.561707
2016-12-09,165.356934
2016-12-12,163.689621
2016-12-13,164.118652
2016-12-14,161.856537
2016-12-15,162.743851
2016-12-16,161.300751
2016-12-19,162.110077
2016-12-20,163.70910600000002
2016-12-21,162.216034
2016-12-22,161.072769
2016-12-23,161.46363799999997
2016-12-27,161.639511
2016-12-28,159.831818
2016-12-29,159.714539
2016-12-30,159.1185
2017-01-03,158.71785
2017-01-04,160.183563
2017-01-05,159.235748
2017-01-06,160.017456
2017-01-09,158.708069
2017-01-10,159.82203700000002
2017-01-11,161.62974499999999
2017-01-12,160.82849099999999
2017-01-13,161.786087
2017-01-17,160.037003
2017-01-18,160.662399
2017-01-19,161.248672
2017-01-20,162.391922
2017-01-23,160.848038
2017-01-24,163.398392
2017-01-25,165.782623
2017-01-26,166.632751
2017-01-27,166.153946
2017-01-30,163.935822
2017-01-31,161.61996499999998
2017-02-01,161.248672
2017-02-02,160.105408
2017-02-03,162.538513
2017-02-06,162.431015
2017-02-07,162.128098
2017-02-08,162.645996
2017-02-09,164.32666
2017-02-10,165.37223799999998
2017-02-13,166.750015
2017-02-14,166.19300800000002
2017-02-15,168.225494
2017-02-16,166.916138
2017-02-17,167.258102
2017-02-21,167.883499
2017-02-22,166.398209
2017-02-23,164.443924
2017-02-24,166.00737
2017-02-27,166.964966
2017-02-28,165.95851100000002
2017-03-01,169.03653
2017-03-02,166.378677
2017-03-03,167.277634
2017-03-06,166.00737
2017-03-07,164.101929
2017-03-08,163.37884499999998
2017-03-09,162.33331299999998
2017-03-10,163.77948
2017-03-13,163.085709
2017-03-14,160.789398
2017-03-15,162.714401
2017-03-16,161.981537
2017-03-17,161.248672
2017-03-20,160.47673
2017-03-21,157.408478
2017-03-22,158.414948
2017-03-23,157.535507
2017-03-24,157.48455800000002
2017-03-27,157.50415
2017-03-28,160.414017
2017-03-29,159.992722
2017-03-30,161.315384
2017-03-31,160.668747
2017-04-03,160.13966399999998
2017-04-04,160.335602
2017-04-05,160.198456
2017-04-06,160.962646
2017-04-07,160.492386
2017-04-10,161.736664
2017-04-11,161.080246
2017-04-12,158.18019099999998
2017-04-13,156.426422
2017-04-17,158.444702
2017-04-18,157.43559299999998
2017-04-19,158.229172
2017-04-20,160.903885
2017-04-21,161.080246
2017-04-24,163.676559
2017-04-25,163.19648700000002
2017-04-26,161.893417
2017-04-27,162.226563
2017-04-28,160.551163
2017-05-01,160.080872
2017-05-02,161.481934
2017-05-03,161.22718799999998
2017-05-04,161.413345
2017-05-05,162.265717
2017-05-08,160.48259
2017-05-09,161.178177
2017-05-10,160.13966399999998
2017-05-11,159.649796
2017-05-12,159.01297
2017-05-15,160.120087
2017-05-16,160.002502
2017-05-17,155.07437099999999
2017-05-18,155.721008
2017-05-19,156.857529
2017-05-22,158.425125
2017-05-23,159.3069
2017-05-24,159.522446
2017-05-25,161.981598
2017-05-26,162.29512
2017-05-30,162.02081299999998
2017-05-31,162.089371
2017-06-01,164.146851
2017-06-02,165.038422
2017-06-05,164.724884
2017-06-06,164.05864
2017-06-07,165.10699499999998
2017-06-08,165.038422
2017-06-09,164.960037
2017-06-12,166.086746
2017-06-13,167.27221699999998
2017-06-14,165.978973
2017-06-15,166.331696
2017-06-16,166.361084
2017-06-19,167.47796599999998
2017-06-20,164.597534
2017-06-21,164.38198899999998
2017-06-22,164.90123
2017-06-23,166.20431499999998
2017-06-26,167.04689
2017-06-27,166.038574
2017-06-28,168.407059
2017-06-29,167.728928
2017-06-30,169.104828
2017-07-03,170.539658
2017-07-05,170.647766
2017-07-06,169.40947
2017-07-07,171.56173700000002
2017-07-10,171.158783
2017-07-11,169.82225
2017-07-12,171.856552
2017-07-13,171.61087
2017-07-14,172.37741100000002
2017-07-17,171.56173700000002
2017-07-18,170.41189599999998
2017-07-19,169.44876100000002
2017-07-20,167.797729
2017-07-21,167.571686
2017-07-24,166.76580800000002
2017-07-25,167.866501
2017-07-26,167.73877
2017-07-27,162.55958600000002
2017-07-28,163.178726
2017-07-31,162.392502
2017-08-01,161.793015
2017-08-02,162.245102
2017-08-03,162.903549
2017-08-04,164.151672
2017-08-07,164.466156
2017-08-08,163.335983
2017-08-09,163.335983
2017-08-10,161.76355
2017-08-11,162.549744
2017-08-14,165.42926
2017-08-15,165.90098600000002
2017-08-16,166.126999
2017-08-17,162.166458
2017-08-18,160.957657
2017-08-21,161.596451
2017-08-22,162.982178
2017-08-23,160.820099
2017-08-24,159.798004
2017-08-25,161.625977
2017-08-28,162.195969
2017-08-29,163.67009
2017-08-30,164.898575
2017-08-31,165.11476100000002
2017-09-01,165.733917
2017-09-05,164.122177
2017-09-06,164.92807
2017-09-07,165.724121
2017-09-08,166.39238
2017-09-11,168.141693
2017-09-12,169.163773
2017-09-13,169.016357
2017-09-14,168.466019
2017-09-15,165.104965
2017-09-18,168.760849
2017-09-19,168.652756
2017-09-20,171.14894099999998
2017-09-21,171.512589
2017-09-22,172.072784
2017-09-25,172.269318
2017-09-26,173.47515900000002
2017-09-27,174.41104099999998
2017-09-28,175.20903
2017-09-29,175.770554
2017-10-02,175.514404
2017-10-03,176.73599199999998
2017-10-04,175.86908
2017-10-05,175.514404
2017-10-06,175.130203
2017-10-09,174.805115
2017-10-10,176.046402
2017-10-11,176.765533
2017-10-12,177.947754
2017-10-13,176.105499
2017-10-16,174.73613
2017-10-17,174.085953
2017-10-18,175.455322
2017-10-19,175.228714
2017-10-20,176.804977
2017-10-23,176.154755
2017-10-24,176.401047
2017-10-25,173.711578
2017-10-26,175.346939
2017-10-27,176.09565700000002
2017-10-30,173.78053300000002
2017-10-31,173.012131
2017-11-01,173.485016
2017-11-02,173.40618899999998
2017-11-03,173.061401
2017-11-06,172.618088
2017-11-07,171.426025
2017-11-08,170.756134
2017-11-09,168.766129
2017-11-10,168.578949
2017-11-13,168.904053
2017-11-14,168.431198
2017-11-15,167.524872
2017-11-16,170.332535
2017-11-17,168.49028
2017-11-20,169.120789
2017-11-21,170.83496100000002
2017-11-22,170.953171
2017-11-24,170.83496100000002
2017-11-27,170.283279
2017-11-28,173.209152
2017-11-29,179.110199
2017-11-30,182.706009
2017-12-01,181.198746
2017-12-04,184.47929399999998
2017-12-05,181.908035
2017-12-06,181.898193
2017-12-07,184.361053
2017-12-08,185.030975
2017-12-11,184.567947
2017-12-12,184.548248
2017-12-13,185.08021499999998
2017-12-14,183.769974
2017-12-15,184.92259199999998
2017-12-18,187.306671
2017-12-19,187.139206
2017-12-20,188.902634
2017-12-21,188.971573
2017-12-22,189.749847
2017-12-26,189.651291
2017-12-27,190.084793
2017-12-28,189.503555
2017-12-29,188.784378
2018-01-02,192.163467
2018-01-03,192.37034599999998
2018-01-04,193.04023700000002
2018-01-05,193.96627800000002
2018-01-08,195.53268400000002
2018-01-09,195.907028
2018-01-10,196.094208
2018-01-11,200.744125
2018-01-12,202.28096000000002
2018-01-16,199.502823
2018-01-17,200.133331
2018-01-18,200.251541
2018-01-19,200.980545
2018-01-22,201.88687099999999
2018-01-23,201.551926
2018-01-24,198.64575200000002
2018-01-25,195.51298500000001
2018-01-26,197.522659
2018-01-29,197.28624
2018-01-30,194.616486
2018-01-31,194.724854
2018-02-01,193.631348
2018-02-02,189.47401399999998
2018-02-05,183.769974
2018-02-06,186.79440300000002
2018-02-07,187.316513
2018-02-08,180.20373500000002
2018-02-09,179.918045
2018-02-12,182.784805
2018-02-13,184.154175
2018-02-14,185.848633
2018-02-15,187.218002
2018-02-16,186.52839699999998
2018-02-20,183.641922
2018-02-21,184.252701
2018-02-22,185.415176
2018-02-23,188.134201
2018-02-26,191.51324499999998
2018-02-27,187.20816000000002
2018-02-28,184.567947
2018-03-01,183.90786699999998
2018-03-02,183.947311
2018-03-05,184.28225700000002
2018-03-06,185.78951999999998
2018-03-07,185.178741
2018-03-08,186.193451
2018-03-09,191.14875800000002
2018-03-12,190.656174
2018-03-13,191.48370400000002
2018-03-14,188.212997
2018-03-15,188.68588300000002
2018-03-16,190.360626
2018-03-19,189.64146399999998
2018-03-20,190.409897
2018-03-21,189.611908
2018-03-22,184.203644
2018-03-23,180.674576
2018-03-26,184.529846
2018-03-27,181.040329
2018-03-28,181.20838899999998
2018-03-29,184.885742
2018-04-02,181.20838899999998
2018-04-03,184.78688
2018-04-04,184.599075
2018-04-05,185.82484399999998
2018-04-06,180.358246
2018-04-09,179.854095
2018-04-10,181.702637
2018-04-11,181.158966
2018-04-12,184.104797
2018-04-13,184.312393
2018-04-16,188.632294
2018-04-17,188.23684699999998
2018-04-18,191.568222
2018-04-19,189.867966
2018-04-20,188.00950600000002
2018-04-23,188.820099
2018-04-24,184.984589
2018-04-25,186.91223100000002
2018-04-26,185.468964
2018-04-27,187.831573
2018-04-30,185.54805
2018-05-01,184.915405
2018-05-02,183.066833
2018-05-03,182.65164199999998
2018-05-04,184.78688
2018-05-07,184.519958
2018-05-08,185.913818
2018-05-09,187.090164
2018-05-10,188.968399
2018-05-11,190.955322
2018-05-14,189.92726100000002
2018-05-15,189.13644399999998
2018-05-16,190.767517
2018-05-17,191.508926
2018-05-18,191.380417
2018-05-21,193.802338
2018-05-22,191.469391
2018-05-23,191.331009
2018-05-24,193.535416
2018-05-25,194.36578400000002
2018-05-29,191.647324
2018-05-30,194.66233799999998
2018-05-31,191.87468
2018-06-01,194.415222
2018-06-04,193.011505
2018-06-05,192.309616
2018-06-06,193.456329
2018-06-07,193.56506299999998
2018-06-08,195.26535
2018-06-11,197.450027
2018-06-12,198.013474
2018-06-13,196.49115
2018-06-14,196.639404
2018-06-15,197.707031
2018-06-18,197.321503
2018-06-19,194.000031
2018-06-20,194.098892
2018-06-21,193.298157
2018-06-22,192.29972800000002
2018-06-25,187.88098100000002
2018-06-26,186.990753
2018-06-27,184.40330500000002
2018-06-28,183.917526
2018-06-29,184.621384
2018-07-02,186.42569
2018-07-03,185.047668
2018-07-05,186.108444
2018-07-06,186.851974
2018-07-09,190.74801599999998
2018-07-10,190.18293799999998
2018-07-11,186.227417
2018-07-12,187.159271
2018-07-13,188.170471
2018-07-16,186.26705900000002
2018-07-17,186.77264399999999
2018-07-18,191.025589
2018-07-19,191.828598
2018-07-20,191.640244
2018-07-23,192.929016
2018-07-24,189.974762
2018-07-25,194.416061
2018-07-26,196.051788
2018-07-27,195.447067
2018-07-30,195.070358
2018-07-31,197.568573
2018-08-01,195.853531
2018-08-02,197.172028
2018-08-03,198.074188
2018-08-06,199.263809
2018-08-07,200.21553
2018-08-08,199.3927
2018-08-09,198.758224
2018-08-10,197.83625800000002
2018-08-13,196.616882
2018-08-14,198.470718
2018-08-15,198.42115800000002
2018-08-16,199.779327
2018-08-17,200.522842
2018-08-20,203.050827
2018-08-21,204.38914499999998
2018-08-22,202.2379
2018-08-23,201.21679699999999
2018-08-24,201.662903
2018-08-27,203.89347800000002
2018-08-28,203.536591
2018-08-29,203.56633
2018-08-30,202.148697
2018-08-31,202.009888
2018-09-04,202.267639
2018-09-05,203.37796
2018-09-06,202.991333
2018-09-07,202.773239
2018-09-10,206.34213300000002
2018-09-11,205.97534199999998
2018-09-12,205.677933
2018-09-13,204.716309
2018-09-14,206.679199
2018-09-17,204.86502099999998
2018-09-18,205.697754
2018-09-19,205.668015
2018-09-20,205.757248
2018-09-21,206.034821
2018-09-24,203.050827
2018-09-25,202.029724
2018-09-26,203.295837
2018-09-27,203.39523300000002
2018-09-28,203.28590400000002
2018-10-01,203.86231999999998
2018-10-02,201.606354
2018-10-03,202.709488
2018-10-04,201.904495
2018-10-05,200.324326
2018-10-08,200.22493
2018-10-09,196.488174
2018-10-10,188.607178
2018-10-11,185.85429399999998
2018-10-12,187.51396200000002
2018-10-15,188.587296
2018-10-16,192.11535600000002
2018-10-17,191.002289
2018-10-18,186.013306
2018-10-19,186.559921
2018-10-22,186.510223
2018-10-23,183.041779
2018-10-24,177.00929299999999
2018-10-25,180.288895
2018-10-26,178.032928
2018-10-29,176.890045
2018-10-30,181.888947
2018-10-31,182.077789
2018-11-01,185.417023
2018-11-02,185.337524
2018-11-05,185.35739099999998
2018-11-06,187.474228
2018-11-07,191.688019
2018-11-08,190.74388100000002
2018-11-09,188.189774
2018-11-12,185.625732
2018-11-13,186.818298
2018-11-14,187.295349
2018-11-15,190.13768000000002
2018-11-16,189.710327
2018-11-19,188.77612299999998
2018-11-20,182.982147
2018-11-21,185.645599
2018-11-23,185.834427
2018-11-26,187.782303
2018-11-27,188.26928700000002
2018-11-28,192.99986299999998
2018-11-29,191.53894
2018-11-30,194.073181
2018-12-03,194.520401
2018-12-04,186.00337199999998
2018-12-06,185.79466200000002
2018-12-07,178.341019
2018-12-10,177.059006
2018-12-11,176.383194
2018-12-12,176.422943
2018-12-13,173.550812
2018-12-14,170.768112
2018-12-17,168.702698
2018-12-18,169.42041
2018-12-19,164.117294
2018-12-20,161.914307
2018-12-21,159.123199
2018-12-24,154.89666699999998
2018-12-26,163.180283
2018-12-27,164.19703700000002
2018-12-28,163.279968
2018-12-31,164.48611499999998
